seqnames,start
chr10,100150741
chr10,100151760
chr10,100204555
chr10,100245863
chr10,100267608
chr10,100363747
chr10,100962892
chr10,101032443
chr10,101037502
chr10,101846230
chr10,101846365
chr10,102107634
chr10,102140972
chr10,102380598
chr10,102631830
chr10,102878966
chr10,103076162
chr10,103077096
chr10,103181189
chr10,103415112
chr10,103445599
chr10,103596787
chr10,103597966
chr10,104028116
chr10,104123007
chr10,104310504
chr10,104314021
chr10,110133804
chr10,110134895
chr10,110589664
chr10,113166574
chr10,114124768
chr10,114162733
chr10,114843046
chr10,117279017
chr10,117284043
chr10,11871594
chr10,119830401
chr10,119830541
chr10,119830795
chr10,122249609
chr10,122429597
chr10,122430605
chr10,123163302
chr10,128068185
chr10,128083706
chr10,128084309
chr10,128085027
chr10,12829548
chr10,12830561
chr10,12830923
chr10,12831992
chr10,12832013
chr10,12832022
chr10,12832027
chr10,12832488
chr10,14842510
chr10,14932906
chr10,14934728
chr10,15104062
chr10,16512562
chr10,16512728
chr10,16512798
chr10,16591480
chr10,16591671
chr10,16592038
chr10,16592544
chr10,16593101
chr10,22573353
chr10,27035472
chr10,275014
chr10,275677
chr10,27674616
chr10,28620676
chr10,29421859
chr10,29422011
chr10,29425075
chr10,29425407
chr10,29425519
chr10,29425736
chr10,29426252
chr10,29426513
chr10,29459988
chr10,29460065
chr10,30849888
chr10,3120983
chr10,3122086
chr10,3122549
chr10,3122626
chr10,3129455
chr10,3129953
chr10,3136622
chr10,3136623
chr10,3137776
chr10,3142617
chr10,3147821
chr10,3148073
chr10,3148106
chr10,31806247
chr10,31807076
chr10,31814263
chr10,35196021
chr10,38120733
chr10,38121732
chr10,38124184
chr10,45463937
chr10,45648510
chr10,49470271
chr10,49470671
chr10,5739837
chr10,58195133
chr10,62807604
chr10,68334208
chr10,68344201
chr10,68344563
chr10,68345529
chr10,68906312
chr10,70113191
chr10,70114292
chr10,70844506
chr10,70880043
chr10,70880521
chr10,71299601
chr10,71300070
chr10,71300308
chr10,71301587
chr10,71301745
chr10,71302109
chr10,71302392
chr10,7200479
chr10,72010370
chr10,72012026
chr10,72223766
chr10,72333894
chr10,73134174
chr10,73134500
chr10,73136906
chr10,73163804
chr10,73249349
chr10,73250379
chr10,73873002
chr10,73913990
chr10,74129221
chr10,75176933
chr10,7616021
chr10,77792349
chr10,77819464
chr10,78039161
chr10,79354642
chr10,79354751
chr10,80091364
chr10,810472
chr10,811211
chr10,84516538
chr10,86926078
chr10,89339900
chr10,89340874
chr10,89402425
chr10,91461320
chr10,91512695
chr10,91514035
chr10,91620318
chr10,91627745
chr10,91629586
chr10,91864915
chr10,92452985
chr10,93353860
chr10,93482229
chr10,93681515
chr10,94333875
chr10,94338616
chr10,94346483
chr10,94533231
chr10,94533747
chr10,96159254
chr10,96518358
chr10,96520439
chr10,96962315
chr10,96963228
chr10,96963880
chr10,97675730
chr10,98423813
chr10,99710146
chr10,99711170
chr10,99879925
chr10,99885777
chr11,101961859
chr11,101961877
chr11,103117775
chr11,106098374
chr11,10853653
chr11,10854154
chr11,10855864
chr11,10856794
chr11,10878720
chr11,113798483
chr11,113798922
chr11,114445812
chr11,117169789
chr11,117351876
chr11,118397048
chr11,118409221
chr11,118497950
chr11,119015407
chr11,119018363
chr11,119112724
chr11,119336631
chr11,119336736
chr11,119663356
chr11,119664020
chr11,121311139
chr11,122789210
chr11,122811127
chr11,122811395
chr11,123079287
chr11,123728233
chr11,124115466
chr11,124626727
chr11,124637071
chr11,125621389
chr11,126304269
chr11,126331508
chr11,1275033
chr11,128811616
chr11,128969510
chr11,12939404
chr11,12941178
chr11,129902118
chr11,129902203
chr11,130869478
chr11,134177348
chr11,17097140
chr11,17788177
chr11,18297633
chr11,18322147
chr11,19832542
chr11,20107765
chr11,20120902
chr11,204968
chr11,2132381
chr11,214421
chr11,214716
chr11,22821674
chr11,233067
chr11,233212
chr11,252942
chr11,27367417
chr11,27368941
chr11,33058034
chr11,33076145
chr11,33076331
chr11,33704998
chr11,33705198
chr11,33707267
chr11,33744351
chr11,33745084
chr11,35201134
chr11,36487639
chr11,3712669
chr11,3731497
chr11,4600093
chr11,47285079
chr11,5667710
chr11,57303041
chr11,57304727
chr11,57307271
chr11,57313672
chr11,57332187
chr11,59143581
chr11,59144870
chr11,59153928
chr11,59154468
chr11,61392630
chr11,61865710
chr11,62800164
chr11,62807553
chr11,62825489
chr11,62835511
chr11,62853164
chr11,62855545
chr11,62855547
chr11,62855579
chr11,6319186
chr11,63910460
chr11,63939032
chr11,63956413
chr11,63997775
chr11,64284975
chr11,64316471
chr11,64317584
chr11,64317676
chr11,64317826
chr11,65039763
chr11,653968
chr11,65501878
chr11,65548509
chr11,65978665
chr11,65998081
chr11,66002276
chr11,6604700
chr11,6605445
chr11,6681188
chr11,6681753
chr11,67367535
chr11,68053063
chr11,68614725
chr11,68615123
chr11,703175
chr11,703595
chr11,70383380
chr11,72110190
chr11,73309801
chr11,73401631
chr11,73404220
chr11,73404901
chr11,73597933
chr11,73909492
chr11,74034102
chr11,74085872
chr11,74098233
chr11,74103431
chr11,74835860
chr11,74907220
chr11,7667798
chr11,7672771
chr11,76797270
chr11,77020481
chr11,77021740
chr11,77022269
chr11,77024698
chr11,77662888
chr11,78172942
chr11,793588
chr11,85659137
chr11,85659244
chr11,8687107
chr11,87321622
chr11,90223038
chr11,9281069
chr11,9282304
chr11,9283392
chr11,93145500
chr11,93726994
chr11,9446820
chr11,94593544
chr11,94873539
chr11,94873542
chr11,94876193
chr11,9998332
chr12,100033012
chr12,100033527
chr12,100033993
chr12,103951606
chr12,103957127
chr12,105197791
chr12,106067160
chr12,106346849
chr12,106347361
chr12,106978499
chr12,10712640
chr12,10716698
chr12,109082964
chr12,109449631
chr12,109451308
chr12,109576074
chr12,109581533
chr12,109904128
chr12,109930592
chr12,109932336
chr12,110036265
chr12,110180430
chr12,111448480
chr12,111449768
chr12,113945846
chr12,117144437
chr12,117146261
chr12,118028015
chr12,118064870
chr12,11893444
chr12,120097365
chr12,120491738
chr12,120713290
chr12,120764439
chr12,121253293
chr12,121430026
chr12,121778986
chr12,121779030
chr12,121958518
chr12,122769991
chr12,122770215
chr12,123221415
chr12,123415560
chr12,123523527
chr12,123613219
chr12,123620004
chr12,123621091
chr12,123756959
chr12,125142641
chr12,12912775
chr12,130827204
chr12,132077730
chr12,132077746
chr12,132077866
chr12,132078826
chr12,132659414
chr12,132659444
chr12,132921910
chr12,132921935
chr12,133155926
chr12,133156038
chr12,1371872
chr12,14776787
chr12,1492487
chr12,1494262
chr12,15655487
chr12,1591768
chr12,20681308
chr12,22688158
chr12,22688370
chr12,22688426
chr12,22688553
chr12,22689844
chr12,23527395
chr12,23528183
chr12,25207290
chr12,25207611
chr12,25208140
chr12,25945273
chr12,25952807
chr12,26071062
chr12,26230901
chr12,26231026
chr12,26336287
chr12,27714794
chr12,28259439
chr12,28450179
chr12,29339144
chr12,3038037
chr12,31451994
chr12,31452110
chr12,31981992
chr12,31984513
chr12,31992722
chr12,32328435
chr12,34022573
chr12,43754970
chr12,438517
chr12,47748853
chr12,47760371
chr12,47879057
chr12,4812135
chr12,4812864
chr12,4814198
chr12,48342656
chr12,48693873
chr12,49030751
chr12,49990686
chr12,50987967
chr12,51063451
chr12,51094639
chr12,51172758
chr12,51189658
chr12,53064607
chr12,56137370
chr12,56159057
chr12,56425138
chr12,56469986
chr12,56610180
chr12,57059420
chr12,57103222
chr12,58890769
chr12,62500856
chr12,62614917
chr12,62614928
chr12,64449350
chr12,6463895
chr12,6463980
chr12,6464550
chr12,6464583
chr12,6465878
chr12,65246980
chr12,66119086
chr12,66120943
chr12,66129048
chr12,66248696
chr12,6839663
chr12,69577487
chr12,69578447
chr12,69579227
chr12,69579424
chr12,7066109
chr12,7127589
chr12,7128284
chr12,7129017
chr12,71614641
chr12,71787301
chr12,71790340
chr12,71912352
chr12,71925503
chr12,71925509
chr12,76841988
chr12,88196237
chr12,93502539
chr12,95300167
chr12,95514973
chr12,9660808
chr12,98603497
chr12,98603562
chr13,102676310
chr13,106558072
chr13,108233624
chr13,109755746
chr13,110166251
chr13,110523362
chr13,110523371
chr13,110634997
chr13,110639191
chr13,110866990
chr13,110897111
chr13,110897443
chr13,110898444
chr13,112873653
chr13,112885567
chr13,19851771
chr13,19851808
chr13,19862458
chr13,24223648
chr13,24224195
chr13,24224427
chr13,24494670
chr13,25249087
chr13,25249303
chr13,25249313
chr13,26676686
chr13,27547570
chr13,27666140
chr13,27666280
chr13,29532930
chr13,30203164
chr13,30206260
chr13,30457182
chr13,30459078
chr13,30462228
chr13,30464141
chr13,30464211
chr13,32522874
chr13,32525337
chr13,32526774
chr13,32528739
chr13,36302566
chr13,36303548
chr13,36847645
chr13,36848061
chr13,36848280
chr13,36848476
chr13,39010236
chr13,39012104
chr13,39012206
chr13,39013728
chr13,39013752
chr13,39048314
chr13,39719291
chr13,40756890
chr13,41375825
chr13,42234447
chr13,42234547
chr13,44574121
chr13,44575526
chr13,45031444
chr13,45031612
chr13,45395973
chr13,49521685
chr13,49699834
chr13,49709683
chr13,49997165
chr13,52643265
chr13,72758742
chr13,75286073
chr13,75292148
chr13,75341125
chr13,76881871
chr13,79314341
chr13,79520895
chr13,79553500
chr13,95020203
chr13,95186749
chr13,97392904
chr13,98404318
chr13,98406441
chr13,98406938
chr14,100381100
chr14,102376702
chr14,102434431
chr14,102907097
chr14,102910491
chr14,103503572
chr14,103694944
chr14,103699590
chr14,104716554
chr14,104893790
chr14,105367342
chr14,105488345
chr14,20408094
chr14,20684540
chr14,21207913
chr14,21498965
chr14,22842271
chr14,22843509
chr14,23182795
chr14,23275723
chr14,23359684
chr14,23557284
chr14,23562882
chr14,24233024
chr14,24307563
chr14,24438440
chr14,24439005
chr14,31178233
chr14,31321680
chr14,31446467
chr14,31446699
chr14,34433701
chr14,34516300
chr14,34524776
chr14,35292386
chr14,37548059
chr14,52431665
chr14,52470537
chr14,55048586
chr14,55132463
chr14,55137522
chr14,55137635
chr14,57289361
chr14,57412161
chr14,58131534
chr14,58364260
chr14,60140521
chr14,60298527
chr14,60720015
chr14,61796179
chr14,64442433
chr14,64443730
chr14,64526295
chr14,64526540
chr14,64526733
chr14,64527045
chr14,64528494
chr14,64528518
chr14,64529769
chr14,64530237
chr14,64934977
chr14,65062169
chr14,65062174
chr14,67333008
chr14,67333599
chr14,67385548
chr14,67386014
chr14,67593857
chr14,67648450
chr14,67650704
chr14,67782782
chr14,67785217
chr14,67785274
chr14,67789502
chr14,67790635
chr14,69459341
chr14,69460801
chr14,70366820
chr14,70584371
chr14,70584562
chr14,73101041
chr14,73219602
chr14,73222153
chr14,73222921
chr14,73885270
chr14,73938053
chr14,73946540
chr14,74288233
chr14,74289181
chr14,74290316
chr14,74292303
chr14,74292598
chr14,74292774
chr14,74292826
chr14,74293383
chr14,74294772
chr14,74296361
chr14,74296383
chr14,74297972
chr14,74299649
chr14,74299657
chr14,74892501
chr14,75047435
chr14,75902201
chr14,75981507
chr14,76205761
chr14,77276039
chr14,77506926
chr14,77508086
chr14,77510542
chr14,77512278
chr14,81176930
chr14,89932563
chr14,89954625
chr14,89963514
chr14,89985156
chr14,92061633
chr14,92163982
chr14,92940609
chr14,93227813
chr14,94056137
chr14,94096919
chr14,94621463
chr14,94624073
chr14,94763440
chr14,96087102
chr14,96091518
chr14,96092576
chr14,96092686
chr14,99513432
chr15,100569472
chr15,100914804
chr15,101069532
chr15,28144734
chr15,28233177
chr15,30940544
chr15,32766665
chr15,32768387
chr15,32773082
chr15,32773398
chr15,32774277
chr15,34856847
chr15,34980498
chr15,34988198
chr15,36892141
chr15,38355494
chr15,40391501
chr15,40421175
chr15,40467148
chr15,40687453
chr15,40776211
chr15,40814287
chr15,41528002
chr15,41846258
chr15,41899870
chr15,41943118
chr15,42339730
chr15,42339778
chr15,42412993
chr15,42542898
chr15,42543876
chr15,42566693
chr15,42567522
chr15,42567558
chr15,42567932
chr15,42963993
chr15,44716496
chr15,45167773
chr15,48409428
chr15,49620749
chr15,50353420
chr15,50477323
chr15,51003818
chr15,52020020
chr15,52310496
chr15,52310539
chr15,52312336
chr15,52313664
chr15,52359977
chr15,55544506
chr15,55544890
chr15,55828786
chr15,55829156
chr15,57287025
chr15,57288850
chr15,58857557
chr15,61920582
chr15,61962790
chr15,62007404
chr15,63064375
chr15,63070180
chr15,63130573
chr15,63141586
chr15,63591231
chr15,63910453
chr15,63910580
chr15,64141697
chr15,64141959
chr15,64142079
chr15,64142719
chr15,64143862
chr15,64684856
chr15,65442843
chr15,65443159
chr15,65443975
chr15,65446965
chr15,65571579
chr15,65579040
chr15,65579101
chr15,65579360
chr15,65659979
chr15,65669852
chr15,65792038
chr15,65888805
chr15,65891098
chr15,66349394
chr15,66386653
chr15,71824212
chr15,71825126
chr15,72267010
chr15,72345619
chr15,74798906
chr15,74899031
chr15,74901091
chr15,74901282
chr15,74902087
chr15,75660933
chr15,75684402
chr15,76434124
chr15,76883817
chr15,76883859
chr15,78166296
chr15,78170061
chr15,78500767
chr15,80976927
chr15,81290527
chr15,81292584
chr15,81306075
chr15,82831014
chr15,84869186
chr15,85581385
chr15,85619508
chr15,85748791
chr15,88459639
chr15,88631278
chr15,88877743
chr15,88905649
chr15,89897776
chr15,89898705
chr15,90358940
chr15,90912228
chr15,90953012
chr15,92892128
chr15,98960607
chr15,99126774
chr15,99129423
chr15,99129956
chr15,99130073
chr15,99134263
chr15,99137215
chr15,99221836
chr16,11179602
chr16,11180628
chr16,12662792
chr16,13948101
chr16,13949073
chr16,13949157
chr16,13950860
chr16,13950924
chr16,13951472
chr16,14217178
chr16,15617478
chr16,15699758
chr16,1744807
chr16,1976291
chr16,1986630
chr16,1986779
chr16,1986934
chr16,1986936
chr16,1998795
chr16,2075833
chr16,21962813
chr16,22080746
chr16,23522215
chr16,23570957
chr16,23673902
chr16,23675835
chr16,24943862
chr16,2601958
chr16,27681514
chr16,2769347
chr16,2770445
chr16,27708880
chr16,27751789
chr16,29971827
chr16,29996004
chr16,30002136
chr16,3024335
chr16,30357189
chr16,3289435
chr16,3317229
chr16,347044
chr16,3983435
chr16,4474154
chr16,4506910
chr16,4512285
chr16,4664744
chr16,4689822
chr16,47663707
chr16,48540129
chr16,4874894
chr16,50334752
chr16,53156029
chr16,56477114
chr16,56477333
chr16,56666810
chr16,57995042
chr16,57995474
chr16,58162257
chr16,58162832
chr16,58163695
chr16,58404748
chr16,58405286
chr16,58665578
chr16,58683970
chr16,58707311
chr16,58707946
chr16,58708045
chr16,59332
chr16,64946073
chr16,65053839
chr16,66730407
chr16,66733756
chr16,66886026
chr16,66886549
chr16,66886607
chr16,66887046
chr16,66887353
chr16,66935273
chr16,66944094
chr16,67198781
chr16,67228872
chr16,67438053
chr16,67832054
chr16,68054582
chr16,68301489
chr16,68860050
chr16,69699983
chr16,71283664
chr16,74448490
chr16,74449389
chr16,74621754
chr16,74622624
chr16,75538815
chr16,75539008
chr16,75612525
chr16,75612610
chr16,81045358
chr16,81045404
chr16,81889208
chr16,83678339
chr16,83795524
chr16,83795941
chr16,84135577
chr16,84178425
chr16,84486686
chr16,84908212
chr16,85674566
chr16,87748790
chr16,8848000
chr16,88835791
chr16,88837678
chr16,88842751
chr16,89227322
chr16,89228419
chr16,89561263
chr16,89739386
chr16,89898647
chr16,89909088
chr16,90036427
chr16,90044329
chr16,9106871
chr16,954605
chr17,13011692
chr17,13495543
chr17,14034322
chr17,14034331
chr17,14076741
chr17,14102122
chr17,1468458
chr17,1520398
chr17,15229806
chr17,15719909
chr17,16027568
chr17,1647937
chr17,17184126
chr17,17187426
chr17,17190768
chr17,17191605
chr17,17213230
chr17,17213299
chr17,17216447
chr17,17231862
chr17,1780023
chr17,1781311
chr17,18184780
chr17,18325084
chr17,18805668
chr17,18865557
chr17,19343354
chr17,21241205
chr17,21534255
chr17,2299873
chr17,2365017
chr17,27605790
chr17,27624903
chr17,27625056
chr17,27625263
chr17,27625777
chr17,28716541
chr17,28898568
chr17,29114059
chr17,29140361
chr17,30636678
chr17,30783490
chr17,30783515
chr17,30783634
chr17,30783842
chr17,31863329
chr17,31999341
chr17,31999994
chr17,35575616
chr17,3623343
chr17,36515970
chr17,3660774
chr17,3660924
chr17,3660941
chr17,37411381
chr17,3807123
chr17,38716896
chr17,38780593
chr17,38801179
chr17,38806973
chr17,4064558
chr17,4077996
chr17,40834800
chr17,40834801
chr17,4164258
chr17,41818934
chr17,42111382
chr17,42573361
chr17,42701754
chr17,43164265
chr17,44205803
chr17,45150784
chr17,4539523
chr17,45475171
chr17,4548281
chr17,4554276
chr17,46033166
chr17,46033175
chr17,4671456
chr17,46940471
chr17,47313083
chr17,4733518
chr17,47531519
chr17,47592512
chr17,47838029
chr17,47975517
chr17,48052892
chr17,48053505
chr17,48929586
chr17,48929651
chr17,48929992
chr17,4968223
chr17,50081321
chr17,50976533
chr17,51178833
chr17,5183745
chr17,5443764
chr17,5450884
chr17,5486568
chr17,5490283
chr17,5514702
chr17,5515479
chr17,5521586
chr17,5521671
chr17,5530646
chr17,5533965
chr17,5536877
chr17,5536901
chr17,5536928
chr17,5541923
chr17,5541994
chr17,57873676
chr17,58090517
chr17,58092851
chr17,58094777
chr17,58095680
chr17,58097210
chr17,60709320
chr17,60868588
chr17,623667
chr17,64040373
chr17,64041782
chr17,64041797
chr17,64043209
chr17,64213745
chr17,64800078
chr17,6578999
chr17,6635035
chr17,67076444
chr17,67911547
chr17,68129875
chr17,68130272
chr17,68130748
chr17,68132424
chr17,7016317
chr17,7220187
chr17,7221369
chr17,7221472
chr17,7456791
chr17,75064615
chr17,75234701
chr17,75266931
chr17,75524404
chr17,75943977
chr17,76082200
chr17,76083078
chr17,76398853
chr17,76565240
chr17,7857079
chr17,7858194
chr17,78675915
chr17,78797029
chr17,79049340
chr17,7912394
chr17,7914686
chr17,79935827
chr17,79936247
chr17,79936498
chr17,80347357
chr17,80363784
chr17,80393425
chr17,80437199
chr17,81030577
chr17,81032547
chr17,81035261
chr17,81464292
chr17,81464977
chr17,81557945
chr17,81914105
chr17,81920866
chr17,82062936
chr17,82394427
chr17,82727726
chr18,11885085
chr18,11893555
chr18,13038432
chr18,13092425
chr18,23297331
chr18,23297473
chr18,23437871
chr18,23482731
chr18,23506422
chr18,2554808
chr18,2554837
chr18,2555003
chr18,2555006
chr18,2555009
chr18,26274728
chr18,2917370
chr18,31542655
chr18,31624513
chr18,32264309
chr18,32264403
chr18,32266448
chr18,32266656
chr18,32287541
chr18,335099
chr18,35248929
chr18,35290205
chr18,35307627
chr18,35335661
chr18,35340685
chr18,35369591
chr18,35468590
chr18,45850174
chr18,45916574
chr18,45928890
chr18,48920219
chr18,49097513
chr18,5239717
chr18,5241129
chr18,5241171
chr18,5241501
chr18,5242054
chr18,56626427
chr18,57550464
chr18,58748387
chr18,58748822
chr18,58749237
chr18,58749461
chr18,58750589
chr18,59359129
chr18,62101142
chr18,62102800
chr18,62978276
chr18,668520
chr18,670888
chr18,672836
chr18,68676288
chr18,68676335
chr18,68676890
chr18,70325448
chr18,70328598
chr18,74148730
chr18,74149043
chr18,74632282
chr18,79448922
chr18,79528681
chr18,80133156
chr18,9221885
chr18,9254787
chr18,9258533
chr18,9275565
chr18,9281325
chr18,9281569
chr18,9401266
chr18,9860125
chr19,10316570
chr19,10557997
chr19,10994932
chr19,11058838
chr19,11350810
chr19,11833507
chr19,11833585
chr19,11868013
chr19,11868854
chr19,11948652
chr19,12075333
chr19,12075796
chr19,12630710
chr19,12676608
chr19,12676771
chr19,12676794
chr19,12677038
chr19,12679692
chr19,12681563
chr19,13154456
chr19,14717018
chr19,1589065
chr19,16518039
chr19,16518143
chr19,16550302
chr19,16636164
chr19,16894218
chr19,16970897
chr19,16997243
chr19,17320037
chr19,18389048
chr19,18867310
chr19,19194090
chr19,19506847
chr19,19668897
chr19,19679350
chr19,19793701
chr19,19892767
chr19,2072600
chr19,2072647
chr19,23261681
chr19,23360293
chr19,23362645
chr19,23374700
chr19,24127611
chr19,27793156
chr19,2834375
chr19,2852746
chr19,29701350
chr19,29701567
chr19,32586067
chr19,32640321
chr19,32713345
chr19,34351583
chr19,35731956
chr19,35744754
chr19,3578775
chr19,36643835
chr19,36950463
chr19,37184708
chr19,38931064
chr19,38931288
chr19,38941822
chr19,38941874
chr19,39397750
chr19,39398404
chr19,39422918
chr19,39422994
chr19,39434416
chr19,40070822
chr19,40073561
chr19,40073935
chr19,40074519
chr19,40441844
chr19,40458405
chr19,40680974
chr19,40757498
chr19,41259670
chr19,41309187
chr19,41323552
chr19,41410642
chr19,42229713
chr19,43598987
chr19,43731365
chr19,43731383
chr19,44031822
chr19,44031918
chr19,44107009
chr19,44108685
chr19,44235175
chr19,44477308
chr19,44664502
chr19,44665131
chr19,44893972
chr19,45408744
chr19,45409148
chr19,45778570
chr19,45778618
chr19,46648121
chr19,47352883
chr19,47725912
chr19,48230938
chr19,48231685
chr19,48238477
chr19,48255857
chr19,49010016
chr19,49542982
chr19,49665670
chr19,49976742
chr19,49979223
chr19,49980977
chr19,49994821
chr19,50000799
chr19,50007605
chr19,50007803
chr19,50009349
chr19,50026099
chr19,50041768
chr19,50041813
chr19,50044934
chr19,50045110
chr19,50045186
chr19,50045369
chr19,50045430
chr19,50045661
chr19,50046204
chr19,50046404
chr19,50046427
chr19,51573228
chr19,51586729
chr19,51872787
chr19,51872866
chr19,51872873
chr19,51872919
chr19,51872973
chr19,51877314
chr19,51904963
chr19,51904964
chr19,51936110
chr19,51991856
chr19,51991861
chr19,51992393
chr19,51992395
chr19,51992431
chr19,51992550
chr19,52014901
chr19,52016930
chr19,52025821
chr19,52035175
chr19,5205615
chr19,52067333
chr19,52582779
chr19,52583701
chr19,52592134
chr19,52767207
chr19,52767396
chr19,52798518
chr19,52818006
chr19,53065998
chr19,53067614
chr19,53139647
chr19,53408533
chr19,53410127
chr19,53441906
chr19,53442182
chr19,55239870
chr19,55242168
chr19,55245624
chr19,55388764
chr19,55389353
chr19,55389818
chr19,55389821
chr19,55390814
chr19,55390889
chr19,56087463
chr19,56160467
chr19,56377085
chr19,56525284
chr19,57357966
chr19,57394191
chr19,57620255
chr19,57621875
chr19,58213014
chr19,58582769
chr19,6368774
chr19,6374879
chr19,7113433
chr19,7141764
chr19,7962870
chr19,8302274
chr19,8302825
chr19,8303874
chr19,8303910
chr19,9162139
chr19,9162424
chr19,9293703
chr19,9294082
chr19,9294108
chr19,9294238
chr19,9297982
chr19,9342192
chr19,9342203
chr19,9527108
chr1,100023572
chr1,100468020
chr1,100484304
chr1,100977839
chr1,100980265
chr1,10307366
chr1,10307533
chr1,103555063
chr1,103573791
chr1,10377720
chr1,108933651
chr1,109548660
chr1,109736980
chr1,111724183
chr1,112525955
chr1,112555912
chr1,112703884
chr1,113132027
chr1,113901277
chr1,113973708
chr1,115691596
chr1,115691679
chr1,115692073
chr1,115694796
chr1,116062802
chr1,117075402
chr1,117528667
chr1,11787379
chr1,11787715
chr1,11787845
chr1,11788915
chr1,11796321
chr1,11803000
chr1,11840768
chr1,118983805
chr1,119180774
chr1,11949854
chr1,119937960
chr1,1217221
chr1,13823620
chr1,147159337
chr1,147943471
chr1,149904818
chr1,149935098
chr1,149936825
chr1,149942458
chr1,150268830
chr1,150364813
chr1,150476190
chr1,151117409
chr1,151540419
chr1,151695242
chr1,151696688
chr1,151842538
chr1,153565563
chr1,153747169
chr1,154467586
chr1,154549108
chr1,156036539
chr1,156210558
chr1,156211216
chr1,156211739
chr1,156601451
chr1,156937323
chr1,157125678
chr1,159018480
chr1,160026019
chr1,160027214
chr1,160027419
chr1,160027573
chr1,160028650
chr1,160091624
chr1,161212418
chr1,161368971
chr1,161961083
chr1,161961259
chr1,161961712
chr1,161962358
chr1,161963534
chr1,163147088
chr1,168044966
chr1,169131822
chr1,169376630
chr1,169793666
chr1,169830739
chr1,169853402
chr1,169854649
chr1,169854963
chr1,170552235
chr1,171334551
chr1,171701097
chr1,173785367
chr1,173823968
chr1,173934162
chr1,173934599
chr1,173934816
chr1,174250586
chr1,175014071
chr1,175157177
chr1,17587562
chr1,17587627
chr1,17626036
chr1,178473751
chr1,178474911
chr1,178475615
chr1,178475830
chr1,178476680
chr1,178478296
chr1,1787203
chr1,179074804
chr1,179075588
chr1,179101902
chr1,179350406
chr1,179355418
chr1,179355735
chr1,179356328
chr1,179844429
chr1,179862828
chr1,180041776
chr1,180113134
chr1,180825338
chr1,180889323
chr1,184621844
chr1,184625942
chr1,184795547
chr1,184795690
chr1,185291283
chr1,185305066
chr1,19144894
chr1,19307026
chr1,196651923
chr1,196741787
chr1,196747491
chr1,200666422
chr1,201514970
chr1,201514986
chr1,201515100
chr1,201824094
chr1,205087397
chr1,206470630
chr1,206491719
chr1,206496132
chr1,20650042
chr1,20651644
chr1,207046111
chr1,207047751
chr1,207063179
chr1,21218108
chr1,21219821
chr1,21219863
chr1,212993782
chr1,212994195
chr1,213273277
chr1,21836909
chr1,21842308
chr1,222589873
chr1,222823933
chr1,222837100
chr1,223802264
chr1,224158091
chr1,224161345
chr1,224377268
chr1,224377589
chr1,224377787
chr1,224378183
chr1,224388172
chr1,22526411
chr1,227732402
chr1,227732485
chr1,227732656
chr1,227748061
chr1,227766976
chr1,228147424
chr1,228487869
chr1,229322709
chr1,229518306
chr1,230279402
chr1,230280064
chr1,230280100
chr1,230280573
chr1,230675010
chr1,230906986
chr1,231241060
chr1,231563728
chr1,232978889
chr1,23360305
chr1,23437445
chr1,235448904
chr1,235489208
chr1,235976517
chr1,236215817
chr1,236542978
chr1,236543000
chr1,236543205
chr1,236548318
chr1,236549987
chr1,236559808
chr1,236885200
chr1,236897072
chr1,2395636
chr1,23967872
chr1,23968137
chr1,24383915
chr1,244842411
chr1,244843137
chr1,24643291
chr1,24647552
chr1,246666715
chr1,246767628
chr1,247038289
chr1,247200761
chr1,248849447
chr1,25246493
chr1,25360817
chr1,25862371
chr1,25960349
chr1,26121956
chr1,26122358
chr1,26122836
chr1,26123518
chr1,26781754
chr1,26798054
chr1,26854576
chr1,26877237
chr1,27823413
chr1,28281379
chr1,28282210
chr1,28497374
chr1,32173070
chr1,32621451
chr1,32683568
chr1,32826588
chr1,33479392
chr1,34987385
chr1,35184369
chr1,35566259
chr1,35566341
chr1,36341880
chr1,37536650
chr1,3781136
chr1,40236898
chr1,40239727
chr1,42830447
chr1,43956695
chr1,43972724
chr1,44815823
chr1,45003489
chr1,45003914
chr1,45009606
chr1,45017685
chr1,46035321
chr1,46224618
chr1,46362438
chr1,46634487
chr1,47368537
chr1,53766159
chr1,53767838
chr1,53851812
chr1,54731647
chr1,54741865
chr1,54742245
chr1,58655494
chr1,58655671
chr1,58656096
chr1,58656617
chr1,58660011
chr1,58782321
chr1,61914615
chr1,62114235
chr1,62116540
chr1,6222619
chr1,6222858
chr1,63534155
chr1,63534197
chr1,63555425
chr1,6523985
chr1,65394977
chr1,65434674
chr1,65610269
chr1,67001490
chr1,70223532
chr1,70224077
chr1,70224339
chr1,70226216
chr1,70228048
chr1,72282401
chr1,74738763
chr1,768562
chr1,77090052
chr1,7771966
chr1,7820623
chr1,7961747
chr1,81991246
chr1,84554954
chr1,84554966
chr1,85252982
chr1,85320483
chr1,85708260
chr1,86746257
chr1,88833972
chr1,89007079
chr1,89123096
chr1,90915548
chr1,9101790
chr1,91861569
chr1,9264942
chr1,9367737
chr1,93886825
chr1,96806900
chr1,9929092
chr20,10405411
chr20,1167131
chr20,11923006
chr20,11925165
chr20,16371756
chr20,17621926
chr20,18142378
chr20,18315086
chr20,18315432
chr20,18316549
chr20,19956668
chr20,20391590
chr20,2146963
chr20,2147038
chr20,23370153
chr20,23370696
chr20,2508885
chr20,25614720
chr20,25614841
chr20,25615193
chr20,25686101
chr20,25687432
chr20,25688416
chr20,32187387
chr20,32188902
chr20,32444477
chr20,32444483
chr20,3250811
chr20,3251213
chr20,3252445
chr20,3252496
chr20,3304479
chr20,34855120
chr20,35263050
chr20,35626251
chr20,35628354
chr20,35628418
chr20,35632833
chr20,35669429
chr20,36050329
chr20,36194249
chr20,36229623
chr20,36256423
chr20,3648462
chr20,36593246
chr20,36652027
chr20,36794533
chr20,38129644
chr20,38129768
chr20,38213512
chr20,38222538
chr20,38222586
chr20,38228214
chr20,38240994
chr20,38241367
chr20,3864282
chr20,3866495
chr20,41357900
chr20,41360018
chr20,41360436
chr20,41403669
chr20,41405457
chr20,41415273
chr20,44208717
chr20,44490596
chr20,44493359
chr20,44906460
chr20,45840743
chr20,45842587
chr20,45843840
chr20,45844638
chr20,45846171
chr20,45846334
chr20,45846724
chr20,45848889
chr20,45883999
chr20,46361427
chr20,46687147
chr20,48629589
chr20,48632578
chr20,48632632
chr20,48734558
chr20,49849629
chr20,49889826
chr20,49984020
chr20,49984094
chr20,50124008
chr20,50578524
chr20,50892146
chr20,51597183
chr20,52153010
chr20,52186905
chr20,56366212
chr20,57351275
chr20,57649677
chr20,57649989
chr20,57650563
chr20,57650706
chr20,58448755
chr20,58893423
chr20,58895462
chr20,62180077
chr20,62180593
chr20,62180833
chr20,62180970
chr20,62389573
chr20,63673960
chr20,63932295
chr20,63932871
chr20,63933010
chr20,63934169
chr20,63934269
chr20,63934279
chr20,63935638
chr20,64274498
chr20,648098
chr21,17791398
chr21,25603910
chr21,25603925
chr21,25714988
chr21,28945812
chr21,28966798
chr21,28966912
chr21,32314237
chr21,33241945
chr21,33296492
chr21,33357617
chr21,36369631
chr21,39195426
chr21,39347945
chr21,41799876
chr21,41899071
chr21,41899105
chr21,43031887
chr21,43693743
chr21,43694704
chr21,43773261
chr21,43983351
chr21,43983665
chr21,44082963
chr21,44865159
chr21,44867790
chr21,44868660
chr21,46132189
chr21,46256923
chr21,46256926
chr21,46568071
chr21,46568287
chr21,46659766
chr22,17111995
chr22,17112134
chr22,17822055
chr22,17822125
chr22,18091146
chr22,19849182
chr22,19849223
chr22,19962745
chr22,20112635
chr22,20585113
chr22,20997831
chr22,21684910
chr22,21697294
chr22,23315687
chr22,23315688
chr22,23315783
chr22,23315793
chr22,23743060
chr22,23745132
chr22,24072436
chr22,25174306
chr22,25193575
chr22,25195233
chr22,25195309
chr22,26466075
chr22,26492094
chr22,26526262
chr22,28796682
chr22,29145709
chr22,29696010
chr22,29697037
chr22,30294009
chr22,30304618
chr22,30337122
chr22,31103698
chr22,31648180
chr22,33274220
chr22,33274598
chr22,35387624
chr22,35419887
chr22,35659083
chr22,35667974
chr22,36226776
chr22,36265860
chr22,37018427
chr22,37632449
chr22,37774039
chr22,38673505
chr22,38732983
chr22,39081561
chr22,40326741
chr22,40333610
chr22,40926902
chr22,40929801
chr22,40930797
chr22,41689082
chr22,41694167
chr22,41695009
chr22,41696767
chr22,41825710
chr22,41825918
chr22,41830947
chr22,41830962
chr22,41906329
chr22,42214093
chr22,42516091
chr22,42834260
chr22,42857198
chr22,42879251
chr22,42879642
chr22,42880024
chr22,42881950
chr22,42912057
chr22,42912106
chr22,43015034
chr22,45193609
chr22,45195711
chr22,45196699
chr22,46236692
chr22,46237097
chr22,46239702
chr22,46241079
chr22,46242231
chr22,46242262
chr22,46242274
chr22,46242314
chr22,46242319
chr22,46242415
chr22,46242589
chr22,46242643
chr22,46287079
chr22,46293571
chr22,46409110
chr22,46712292
chr22,49823106
chr22,49887040
chr22,49904240
chr22,50275067
chr22,50280512
chr22,50523107
chr2,100393025
chr2,100393026
chr2,10053051
chr2,101004304
chr2,10445176
chr2,105265090
chr2,105265604
chr2,105298671
chr2,105337683
chr2,10589131
chr2,109618442
chr2,112188355
chr2,112216347
chr2,112588903
chr2,112656807
chr2,113707200
chr2,113711748
chr2,113713793
chr2,113713794
chr2,113959343
chr2,119247736
chr2,120217841
chr2,120278757
chr2,121338064
chr2,128000421
chr2,130345906
chr2,130347416
chr2,130374546
chr2,135169858
chr2,135170159
chr2,135866585
chr2,138016182
chr2,151250139
chr2,151465104
chr2,151476604
chr2,15402228
chr2,157284294
chr2,158533250
chr2,159219798
chr2,159229957
chr2,159275578
chr2,159438331
chr2,159748425
chr2,159765413
chr2,159767079
chr2,159770903
chr2,159842315
chr2,1632263
chr2,164684798
chr2,168770761
chr2,169555188
chr2,169560521
chr2,169640669
chr2,169641024
chr2,170082054
chr2,174428111
chr2,174428160
chr2,175073839
chr2,175181439
chr2,175181680
chr2,175925088
chr2,175925454
chr2,175926601
chr2,175927388
chr2,175927602
chr2,175927629
chr2,175928077
chr2,175928201
chr2,177614933
chr2,177617541
chr2,177617832
chr2,177617970
chr2,179105310
chr2,179106583
chr2,179106876
chr2,188595346
chr2,189752974
chr2,189771288
chr2,191387352
chr2,196836980
chr2,199948403
chr2,200871389
chr2,201286693
chr2,201287058
chr2,201379735
chr2,201701688
chr2,201733390
chr2,201761714
chr2,202983679
chr2,203223799
chr2,203289829
chr2,203437673
chr2,207823161
chr2,207823595
chr2,207823718
chr2,207823806
chr2,207823924
chr2,210040470
chr2,210476631
chr2,215367000
chr2,216205653
chr2,217818416
chr2,218658716
chr2,218660549
chr2,218663143
chr2,218692291
chr2,218697954
chr2,218699235
chr2,218702320
chr2,219158323
chr2,219222719
chr2,219236065
chr2,223876683
chr2,223876925
chr2,223901239
chr2,227555678
chr2,227556856
chr2,227558394
chr2,227558677
chr2,227559692
chr2,227685584
chr2,227685657
chr2,227685713
chr2,227686307
chr2,229765975
chr2,229766797
chr2,230172144
chr2,230403370
chr2,230403448
chr2,230541355
chr2,231163682
chr2,232860073
chr2,233462705
chr2,233476465
chr2,236392034
chr2,236507415
chr2,238246303
chr2,238397627
chr2,238399639
chr2,238435771
chr2,238444360
chr2,238446572
chr2,238447385
chr2,238448724
chr2,238448817
chr2,238451192
chr2,238451456
chr2,238451480
chr2,238451513
chr2,239051758
chr2,24000216
chr2,240012890
chr2,240013509
chr2,24002797
chr2,24003031
chr2,24004037
chr2,240466191
chr2,240467308
chr2,240467698
chr2,241082327
chr2,241431686
chr2,241670757
chr2,24768700
chr2,25246633
chr2,26393756
chr2,27599587
chr2,29143780
chr2,29160390
chr2,3544739
chr2,37092013
chr2,37097245
chr2,37098085
chr2,37102638
chr2,37106519
chr2,37248833
chr2,37249015
chr2,37252289
chr2,37642351
chr2,37643065
chr2,46382490
chr2,46541420
chr2,46576873
chr2,46578068
chr2,46905390
chr2,46950478
chr2,48599465
chr2,53670388
chr2,53908799
chr2,55289366
chr2,55289986
chr2,58163412
chr2,64093799
chr2,64459737
chr2,64552375
chr2,65023407
chr2,65023543
chr2,67403344
chr2,70085921
chr2,70086371
chr2,70150521
chr2,70300960
chr2,7041347
chr2,7042686
chr2,70450862
chr2,71069927
chr2,71071208
chr2,73226962
chr2,75655628
chr2,75655907
chr2,75656215
chr2,75657873
chr2,75658379
chr2,75658897
chr2,75660353
chr2,85546518
chr2,85606203
chr2,86027145
chr2,86045635
chr2,86117114
chr2,86179433
chr2,8683033
chr2,96835063
chr2,99438696
chr3,10017980
chr3,101564948
chr3,10270255
chr3,10270823
chr3,10279833
chr3,10280837
chr3,108044193
chr3,108052246
chr3,108616657
chr3,108687982
chr3,111194983
chr3,111974832
chr3,111974938
chr3,111993247
chr3,112570658
chr3,112603684
chr3,11262889
chr3,113003479
chr3,113005814
chr3,113008352
chr3,113503207
chr3,113656230
chr3,114086012
chr3,119415544
chr3,119417420
chr3,119417440
chr3,119492519
chr3,119493570
chr3,119493693
chr3,119494151
chr3,119500404
chr3,119737415
chr3,119823277
chr3,119823343
chr3,120329768
chr3,120330270
chr3,122423600
chr3,122514800
chr3,122729704
chr3,122740630
chr3,122888294
chr3,123949421
chr3,125594988
chr3,12586041
chr3,12587421
chr3,126437899
chr3,126451850
chr3,126455143
chr3,127007862
chr3,128066708
chr3,128620115
chr3,129390092
chr3,129556363
chr3,129567570
chr3,131385172
chr3,131385828
chr3,131386227
chr3,131387187
chr3,132626804
chr3,132682756
chr3,133588756
chr3,133643310
chr3,133652627
chr3,134507127
chr3,136001831
chr3,136146082
chr3,136146851
chr3,138402850
chr3,138403939
chr3,138500152
chr3,138629115
chr3,140968320
chr3,143059513
chr3,14671799
chr3,149167279
chr3,149181783
chr3,149185163
chr3,14946553
chr3,149739208
chr3,15251635
chr3,15252627
chr3,15253276
chr3,15255097
chr3,155939426
chr3,155941886
chr3,15797254
chr3,160434205
chr3,161086379
chr3,161238760
chr3,16258827
chr3,170088382
chr3,170090566
chr3,170091521
chr3,170358783
chr3,171063141
chr3,171063490
chr3,171084312
chr3,171125993
chr3,171228213
chr3,179021305
chr3,179327572
chr3,179334407
chr3,179392605
chr3,179393702
chr3,179394073
chr3,179396996
chr3,179397612
chr3,179399804
chr3,179399858
chr3,179400115
chr3,179400239
chr3,179426233
chr3,179788933
chr3,180615203
chr3,180615934
chr3,182914896
chr3,182915264
chr3,182920052
chr3,183452155
chr3,183452348
chr3,183452354
chr3,183797966
chr3,184191194
chr3,184245212
chr3,185048513
chr3,185928353
chr3,186558463
chr3,186784876
chr3,186789968
chr3,187076722
chr3,187077460
chr3,187724028
chr3,187724739
chr3,188609167
chr3,188880329
chr3,194588226
chr3,194588227
chr3,196503291
chr3,196567230
chr3,196586080
chr3,197044424
chr3,197621716
chr3,197621767
chr3,197672531
chr3,197673421
chr3,197700835
chr3,197884603
chr3,197885696
chr3,197887070
chr3,197985888
chr3,198040424
chr3,198040501
chr3,198043178
chr3,21413645
chr3,21415143
chr3,21417424
chr3,33827396
chr3,37983184
chr3,38006189
chr3,38011313
chr3,38126634
chr3,40532253
chr3,42623786
chr3,42628856
chr3,43549835
chr3,43718570
chr3,44753389
chr3,45677781
chr3,45679619
chr3,45744474
chr3,45828480
chr3,45968128
chr3,47916506
chr3,4846868
chr3,48518798
chr3,48694054
chr3,49116893
chr3,50274045
chr3,50274469
chr3,50302191
chr3,50350952
chr3,53859813
chr3,53859967
chr3,53866802
chr3,53867584
chr3,53867652
chr3,53867767
chr3,53884743
chr3,56615254
chr3,56619396
chr3,56619399
chr3,56622133
chr3,56729200
chr3,56729497
chr3,56729591
chr3,56732407
chr3,58132828
chr3,58306404
chr3,64799634
chr3,64799641
chr3,65010527
chr3,66380856
chr3,71682197
chr3,73064852
chr3,75426476
chr3,88053143
chr3,88054526
chr3,88056210
chr3,88143756
chr3,88143943
chr3,94061016
chr3,9745843
chr3,9817776
chr3,98588852
chr3,9943989
chr4,102794878
chr4,102827033
chr4,102827051
chr4,102888237
chr4,105234594
chr4,105237059
chr4,105269705
chr4,105275843
chr4,105279077
chr4,107913373
chr4,113381478
chr4,118710005
chr4,119212763
chr4,119239533
chr4,121029898
chr4,121030077
chr4,121031252
chr4,121031625
chr4,121031699
chr4,121033180
chr4,121034324
chr4,121035455
chr4,121036936
chr4,121037032
chr4,121037542
chr4,1251598
chr4,13602558
chr4,142023948
chr4,142026043
chr4,142028711
chr4,142122244
chr4,142314712
chr4,151144045
chr4,155924935
chr4,155925446
chr4,16161598
chr4,16162866
chr4,169508251
chr4,169562149
chr4,169990292
chr4,169990898
chr4,174319455
chr4,17624646
chr4,176332092
chr4,17802663
chr4,17803094
chr4,17803756
chr4,183679418
chr4,184678335
chr4,184694610
chr4,184694614
chr4,184756209
chr4,186069191
chr4,186069239
chr4,186201178
chr4,186212279
chr4,186618434
chr4,189940880
chr4,189940929
chr4,189940999
chr4,2231982
chr4,2254989
chr4,2490464
chr4,25277834
chr4,2696503
chr4,2899622
chr4,3214108
chr4,337886
chr4,37612938
chr4,37613115
chr4,37850235
chr4,37855721
chr4,37861764
chr4,37862142
chr4,38137235
chr4,38915010
chr4,39304884
chr4,41954234
chr4,41954238
chr4,41954296
chr4,41958590
chr4,41958609
chr4,47587186
chr4,47591515
chr4,522055
chr4,523587
chr4,527064
chr4,533888
chr4,54281602
chr4,55453077
chr4,55904542
chr4,56345186
chr4,56395068
chr4,56402162
chr4,5689175
chr4,57009303
chr4,5729347
chr4,5827530
chr4,6301627
chr4,6302742
chr4,67720549
chr4,7056410
chr4,70688558
chr4,71022523
chr4,75542458
chr4,75916937
chr4,75916938
chr4,76739864
chr4,768062
chr4,77157472
chr4,77164810
chr4,77165747
chr4,7759840
chr4,7843340
chr4,82423353
chr4,82423369
chr4,82423697
chr4,82424139
chr4,83448938
chr4,83462582
chr4,83598675
chr4,8452019
chr4,87161129
chr4,888855
chr4,98442249
chr4,98472585
chr4,99071500
chr4,99071501
chr4,99071843
chr5,10239241
chr5,103558972
chr5,1051803
chr5,108835782
chr5,108946208
chr5,113013980
chr5,113014401
chr5,115578732
chr5,115580331
chr5,115836429
chr5,115841565
chr5,119116178
chr5,119144621
chr5,119178181
chr5,126626699
chr5,126626722
chr5,131393922
chr5,131425652
chr5,131504692
chr5,131642439
chr5,131644223
chr5,132268842
chr5,132270356
chr5,132272249
chr5,132335969
chr5,132394319
chr5,134601688
chr5,134603851
chr5,136182052
chr5,138347025
chr5,138347616
chr5,138419119
chr5,139413007
chr5,140662375
chr5,141122761
chr5,141125259
chr5,141185019
chr5,141320273
chr5,141388335
chr5,141388422
chr5,141420245
chr5,141929700
chr5,142154280
chr5,142311470
chr5,142592563
chr5,14389360
chr5,144158340
chr5,146287788
chr5,1466889
chr5,149501595
chr5,149504071
chr5,150115421
chr5,150135834
chr5,150658652
chr5,151021735
chr5,154419862
chr5,154420749
chr5,157134983
chr5,157137812
chr5,157138361
chr5,157731545
chr5,1579400
chr5,15939449
chr5,172096432
chr5,172334334
chr5,172334433
chr5,172422467
chr5,172769994
chr5,173612595
chr5,176373585
chr5,176378685
chr5,177299634
chr5,177488142
chr5,178147560
chr5,178867059
chr5,179609713
chr5,180577154
chr5,180808737
chr5,202254
chr5,202284
chr5,202848
chr5,202999
chr5,203633
chr5,204360
chr5,204458
chr5,204962
chr5,32228525
chr5,32229316
chr5,33998663
chr5,34757561
chr5,34811032
chr5,36171678
chr5,37170076
chr5,37298905
chr5,37310663
chr5,37721117
chr5,38919517
chr5,38939502
chr5,38940756
chr5,38942347
chr5,40827205
chr5,43245255
chr5,43612944
chr5,43653141
chr5,44818079
chr5,471363
chr5,472106
chr5,52803085
chr5,52918751
chr5,52933915
chr5,52944980
chr5,53101481
chr5,53102175
chr5,54545728
chr5,55645789
chr5,58972180
chr5,58972376
chr5,58972385
chr5,58973026
chr5,61156012
chr5,62389599
chr5,6377180
chr5,64720797
chr5,65669310
chr5,65670073
chr5,66053554
chr5,66078665
chr5,66157357
chr5,66158224
chr5,71504711
chr5,73565316
chr5,73572622
chr5,78476879
chr5,79300233
chr5,79322850
chr5,79324943
chr5,79981512
chr5,80670210
chr5,81304800
chr5,870504
chr5,88195980
chr5,97035394
chr5,97035631
chr6,105100132
chr6,106629675
chr6,108042030
chr6,109466393
chr6,110127539
chr6,110894042
chr6,111026192
chr6,111026624
chr6,111027337
chr6,111307394
chr6,111307423
chr6,11135024
chr6,111374888
chr6,116432279
chr6,116443312
chr6,116444528
chr6,116571518
chr6,116652019
chr6,11723403
chr6,117548367
chr6,118470641
chr6,118814247
chr6,118908675
chr6,118923859
chr6,122442457
chr6,122801319
chr6,125057980
chr6,125979299
chr6,13787560
chr6,138418442
chr6,138908735
chr6,139167023
chr6,139179967
chr6,142444328
chr6,142771334
chr6,143860482
chr6,151101699
chr6,151349555
chr6,151353135
chr6,151353458
chr6,151356224
chr6,151364459
chr6,152213633
chr6,154405854
chr6,15523157
chr6,157873152
chr6,157943950
chr6,158974990
chr6,158986414
chr6,158993867
chr6,159726409
chr6,1606149
chr6,1608396
chr6,161087848
chr6,167040946
chr6,167968243
chr6,169776551
chr6,169776552
chr6,170404594
chr6,170404919
chr6,170549244
chr6,17688462
chr6,17764500
chr6,20493230
chr6,24702221
chr6,24704594
chr6,25103500
chr6,25107240
chr6,25108163
chr6,25108525
chr6,25472509
chr6,25963228
chr6,3018577
chr6,3019693
chr6,30201052
chr6,30204736
chr6,30345491
chr6,30897427
chr6,30913326
chr6,30914857
chr6,30922706
chr6,31151121
chr6,3137402
chr6,31410611
chr6,31410733
chr6,3152588
chr6,31637501
chr6,31642909
chr6,31664357
chr6,31970635
chr6,3271831
chr6,33085832
chr6,33250812
chr6,34281769
chr6,34426089
chr6,34873553
chr6,35089554
chr6,35286197
chr6,36108787
chr6,36924795
chr6,37331337
chr6,37331627
chr6,37332413
chr6,37381290
chr6,38153435
chr6,38173546
chr6,39110459
chr6,39904728
chr6,39905979
chr6,39906913
chr6,39907099
chr6,41936045
chr6,42866283
chr6,42867648
chr6,42888386
chr6,42889615
chr6,42974893
chr6,43046738
chr6,43144529
chr6,43337782
chr6,43340123
chr6,43504228
chr6,43523209
chr6,43523703
chr6,43555852
chr6,43623394
chr6,43623714
chr6,43779886
chr6,49447735
chr6,5108731
chr6,52264256
chr6,52479101
chr6,56541150
chr6,56640265
chr6,56650989
chr6,56704306
chr6,599209
chr6,71302632
chr6,7283241
chr6,7284226
chr6,7284254
chr6,73594884
chr6,73638419
chr6,78983034
chr6,79916466
chr6,83934726
chr6,84146690
chr6,85608881
chr6,87259762
chr6,87609165
chr6,87653225
chr6,87667331
chr6,89327472
chr6,89380305
chr6,89653064
chr6,89699023
chr6,98872148
chr6,98872839
chr6,99399710
chr7,100888489
chr7,101088467
chr7,101090284
chr7,101093027
chr7,101094943
chr7,101095042
chr7,101218171
chr7,101315043
chr7,102278018
chr7,102396430
chr7,103311676
chr7,105542548
chr7,106658375
chr7,106658381
chr7,107160571
chr7,107362059
chr7,107576575
chr7,107975061
chr7,112456018
chr7,112819580
chr7,118192992
chr7,118193069
chr7,118193801
chr7,118194288
chr7,118194426
chr7,121295952
chr7,123682725
chr7,128313190
chr7,128333354
chr7,128501979
chr7,128503050
chr7,128657731
chr7,128662785
chr7,128748005
chr7,128771026
chr7,128865784
chr7,131490363
chr7,135163570
chr7,135364052
chr7,135733957
chr7,138916826
chr7,138917686
chr7,139026157
chr7,139046942
chr7,139283068
chr7,139300298
chr7,139570960
chr7,140046993
chr7,140057912
chr7,149255221
chr7,149839125
chr7,149846180
chr7,150373357
chr7,152251983
chr7,154944474
chr7,154951029
chr7,155741959
chr7,1567623
chr7,156971026
chr7,158871562
chr7,16627116
chr7,16627134
chr7,19696657
chr7,19698119
chr7,199797
chr7,21916787
chr7,2254288
chr7,23175077
chr7,23195864
chr7,23200644
chr7,23689297
chr7,25142786
chr7,25168355
chr7,25168375
chr7,2610442
chr7,27196725
chr7,27740146
chr7,29648196
chr7,29650563
chr7,30080246
chr7,30082417
chr7,30366075
chr7,30366855
chr7,30368576
chr7,30585470
chr7,30594717
chr7,30875647
chr7,30875648
chr7,38723260
chr7,38724291
chr7,38725091
chr7,38725132
chr7,38726125
chr7,38765615
chr7,39570578
chr7,41963034
chr7,41963589
chr7,42937743
chr7,43876892
chr7,43952827
chr7,43953371
chr7,43955358
chr7,44707979
chr7,44707990
chr7,44834201
chr7,44986097
chr7,45736875
chr7,4764498
chr7,4767211
chr7,4767331
chr7,4769322
chr7,4769705
chr7,47956960
chr7,48104731
chr7,48105689
chr7,4996797
chr7,50444816
chr7,50446879
chr7,5057327
chr7,5066251
chr7,5066591
chr7,5067941
chr7,55165396
chr7,6005996
chr7,6022895
chr7,6023197
chr7,6145563
chr7,6150119
chr7,65399887
chr7,65399981
chr7,65399999
chr7,66811325
chr7,6689949
chr7,66956156
chr7,67239057
chr7,70763153
chr7,73570818
chr7,73700871
chr7,75417309
chr7,75424216
chr7,75994575
chr7,76611456
chr7,76611560
chr7,77685327
chr7,77793835
chr7,83363423
chr7,83364200
chr7,83365757
chr7,83366854
chr7,83367330
chr7,83367540
chr7,83955133
chr7,84194892
chr7,849248
chr7,87182209
chr7,87907862
chr7,90372182
chr7,91873524
chr7,91873525
chr7,93100095
chr7,93104453
chr7,93105670
chr7,93132562
chr7,93135176
chr7,95413217
chr7,98306359
chr7,99013061
chr7,99029840
chr7,99395582
chr7,99409140
chr7,99573899
chr8,103071423
chr8,103071558
chr8,103071765
chr8,103071909
chr8,103325139
chr8,103399054
chr8,104489585
chr8,105803246
chr8,105803451
chr8,11326262
chr8,116846111
chr8,119423722
chr8,119557637
chr8,119732159
chr8,123345013
chr8,123513243
chr8,123814564
chr8,12743211
chr8,132847632
chr8,133228843
chr8,133241158
chr8,134657567
chr8,140450819
chr8,140450963
chr8,140450975
chr8,140451017
chr8,140515228
chr8,140529083
chr8,140530727
chr8,140531189
chr8,140531782
chr8,141151774
chr8,141195033
chr8,143984371
chr8,144139927
chr8,144140337
chr8,144318103
chr8,144994545
chr8,17296534
chr8,17754450
chr8,1885635
chr8,1925374
chr8,22102585
chr8,22620848
chr8,23043188
chr8,23137489
chr8,25412992
chr8,27591760
chr8,27593234
chr8,27593253
chr8,27595626
chr8,27596276
chr8,29068564
chr8,33499311
chr8,33500300
chr8,38265843
chr8,38989660
chr8,41940899
chr8,42532753
chr8,42837276
chr8,47260969
chr8,51948567
chr8,54046613
chr8,55998369
chr8,56067921
chr8,60622808
chr8,60853001
chr8,6444585
chr8,6480785
chr8,66631760
chr8,66633971
chr8,66665435
chr8,73792915
chr8,85115183
chr8,9032588
chr8,91084834
chr8,9138819
chr8,9139684
chr8,9139697
chr8,9140288
chr8,93726401
chr8,93733821
chr8,94791706
chr8,94793224
chr8,95155740
chr8,98195962
chr8,99778928
chr9,100292659
chr9,104840397
chr9,105773965
chr9,105774431
chr9,105774530
chr9,105774587
chr9,105774623
chr9,106929395
chr9,109016548
chr9,110369941
chr9,110407495
chr9,110434453
chr9,110489671
chr9,110489731
chr9,110496872
chr9,111363574
chr9,111653460
chr9,111669741
chr9,112686061
chr9,112838547
chr9,113187876
chr9,114178314
chr9,114250160
chr9,114644321
chr9,114645061
chr9,117713024
chr9,117713324
chr9,117715754
chr9,117715853
chr9,121785217
chr9,122239470
chr9,122392908
chr9,123757789
chr9,124351453
chr9,124351812
chr9,124353174
chr9,127508503
chr9,127692274
chr9,127941440
chr9,128179172
chr9,128222530
chr9,128329179
chr9,128390366
chr9,129811257
chr9,129835495
chr9,129958491
chr9,13106599
chr9,131476383
chr9,131598268
chr9,132328143
chr9,132328451
chr9,132401743
chr9,132401954
chr9,132689104
chr9,133329325
chr9,133330591
chr9,133331550
chr9,133341861
chr9,133406422
chr9,133412362
chr9,133414815
chr9,133762231
chr9,133768484
chr9,134158756
chr9,136402814
chr9,136405185
chr9,136406987
chr9,136407508
chr9,137754290
chr9,2044094
chr9,2044606
chr9,21816759
chr9,2193437
chr9,2635545
chr9,26841798
chr9,26984279
chr9,27547988
chr9,32457191
chr9,32487523
chr9,33045278
chr9,33045812
chr9,33112440
chr9,33921921
chr9,34087248
chr9,34400607
chr9,34680974
chr9,35091883
chr9,35661060
chr9,35661091
chr9,35748672
chr9,35757453
chr9,37079953
chr9,37501810
chr9,37863065
chr9,37863152
chr9,37863199
chr9,37864265
chr9,37865058
chr9,37866554
chr9,37867194
chr9,3828379
chr9,399255
chr9,4726367
chr9,4727562
chr9,6496811
chr9,6984172
chr9,70353122
chr9,711396
chr9,71683794
chr9,71684384
chr9,71718054
chr9,72353277
chr9,72361032
chr9,72362601
chr9,75079220
chr9,75079603
chr9,76388600
chr9,76502835
chr9,76503413
chr9,76505559
chr9,76506867
chr9,8314988
chr9,8492902
chr9,8518395
chr9,91722646
chr9,91724340
chr9,92634430
chr9,93444692
chr9,93444906
chr9,93444930
chr9,93445390
chr9,93445849
chr9,93446207
chr9,93446977
chr9,93447360
chr9,96013177
chr9,96523411
chr9,96640900
chr9,96654718
chr9,97439269
chr9,97472474
chr9,97601294
chr9,97601630
chr9,97601652
chr9,97601817
chr9,97602169
chr9,97675236
chr9,97910056
chr9,99015983
chr9,99218947
