seqnames,start,end,width,strand
chr10,100150741,100150741,1,*
chr10,100151760,100151760,1,*
chr10,100204555,100204555,1,*
chr10,100245863,100245863,1,*
chr10,100267608,100267608,1,*
chr10,100363747,100363747,1,*
chr10,100962892,100962892,1,*
chr10,101032443,101032443,1,*
chr10,101037502,101037502,1,*
chr10,101846230,101846230,1,*
chr10,101846365,101846365,1,*
chr10,102107634,102107634,1,*
chr10,102140972,102140972,1,*
chr10,102380598,102380598,1,*
chr10,102631830,102631830,1,*
chr10,102878966,102878966,1,*
chr10,103076162,103076162,1,*
chr10,103077096,103077096,1,*
chr10,103181189,103181189,1,*
chr10,103415112,103415112,1,*
chr10,103445599,103445599,1,*
chr10,103596787,103596787,1,*
chr10,103597966,103597966,1,*
chr10,104028116,104028116,1,*
chr10,104123007,104123007,1,*
chr10,104310504,104310504,1,*
chr10,104314021,104314021,1,*
chr10,110133804,110133804,1,*
chr10,110134895,110134895,1,*
chr10,110589664,110589664,1,*
chr10,113166574,113166574,1,*
chr10,114124768,114124768,1,*
chr10,114162733,114162733,1,*
chr10,114843046,114843046,1,*
chr10,117279017,117279017,1,*
chr10,117284043,117284043,1,*
chr10,11871594,11871594,1,*
chr10,119830401,119830401,1,*
chr10,119830541,119830541,1,*
chr10,119830795,119830795,1,*
chr10,122249609,122249609,1,*
chr10,122429597,122429597,1,*
chr10,122430605,122430605,1,*
chr10,123163302,123163302,1,*
chr10,128068185,128068185,1,*
chr10,128083706,128083706,1,*
chr10,128084309,128084309,1,*
chr10,128085027,128085027,1,*
chr10,12829548,12829548,1,*
chr10,12830561,12830561,1,*
chr10,12830923,12830923,1,*
chr10,12831992,12831992,1,*
chr10,12832013,12832013,1,*
chr10,12832022,12832022,1,*
chr10,12832027,12832027,1,*
chr10,12832488,12832488,1,*
chr10,14842510,14842510,1,*
chr10,14932906,14932906,1,*
chr10,14934728,14934728,1,*
chr10,15104062,15104062,1,*
chr10,16512562,16512562,1,*
chr10,16512728,16512728,1,*
chr10,16512798,16512798,1,*
chr10,16591480,16591480,1,*
chr10,16591671,16591671,1,*
chr10,16592038,16592038,1,*
chr10,16592544,16592544,1,*
chr10,16593101,16593101,1,*
chr10,22573353,22573353,1,*
chr10,27035472,27035472,1,*
chr10,275014,275014,1,*
chr10,275677,275677,1,*
chr10,27674616,27674616,1,*
chr10,28620676,28620676,1,*
chr10,29421859,29421859,1,*
chr10,29422011,29422011,1,*
chr10,29425075,29425075,1,*
chr10,29425407,29425407,1,*
chr10,29425519,29425519,1,*
chr10,29425736,29425736,1,*
chr10,29426252,29426252,1,*
chr10,29426513,29426513,1,*
chr10,29459988,29459988,1,*
chr10,29460065,29460065,1,*
chr10,30849888,30849888,1,*
chr10,3120983,3120983,1,*
chr10,3122086,3122086,1,*
chr10,3122549,3122549,1,*
chr10,3122626,3122626,1,*
chr10,3129455,3129455,1,*
chr10,3129953,3129953,1,*
chr10,3136622,3136622,1,*
chr10,3136623,3136623,1,*
chr10,3137776,3137776,1,*
chr10,3142617,3142617,1,*
chr10,3147821,3147821,1,*
chr10,3148073,3148073,1,*
chr10,3148106,3148106,1,*
chr10,31806247,31806247,1,*
chr10,31807076,31807076,1,*
chr10,31814263,31814263,1,*
chr10,35196021,35196021,1,*
chr10,38120733,38120733,1,*
chr10,38121732,38121732,1,*
chr10,38124184,38124184,1,*
chr10,45463937,45463937,1,*
chr10,45648510,45648510,1,*
chr10,49470271,49470271,1,*
chr10,49470671,49470671,1,*
chr10,5739837,5739837,1,*
chr10,58195133,58195133,1,*
chr10,62807604,62807604,1,*
chr10,68334208,68334208,1,*
chr10,68344201,68344201,1,*
chr10,68344563,68344563,1,*
chr10,68345529,68345529,1,*
chr10,68906312,68906312,1,*
chr10,70113191,70113191,1,*
chr10,70114292,70114292,1,*
chr10,70844506,70844506,1,*
chr10,70880043,70880043,1,*
chr10,70880521,70880521,1,*
chr10,71299601,71299601,1,*
chr10,71300070,71300070,1,*
chr10,71300308,71300308,1,*
chr10,71301587,71301587,1,*
chr10,71301745,71301745,1,*
chr10,71302109,71302109,1,*
chr10,71302392,71302392,1,*
chr10,7200479,7200479,1,*
chr10,72010370,72010370,1,*
chr10,72012026,72012026,1,*
chr10,72223766,72223766,1,*
chr10,72333894,72333894,1,*
chr10,73134174,73134174,1,*
chr10,73134500,73134500,1,*
chr10,73136906,73136906,1,*
chr10,73163804,73163804,1,*
chr10,73249349,73249349,1,*
chr10,73250379,73250379,1,*
chr10,73873002,73873002,1,*
chr10,73913990,73913990,1,*
chr10,74129221,74129221,1,*
chr10,75176933,75176933,1,*
chr10,7616021,7616021,1,*
chr10,77792349,77792349,1,*
chr10,77819464,77819464,1,*
chr10,78039161,78039161,1,*
chr10,79354642,79354642,1,*
chr10,79354751,79354751,1,*
chr10,80091364,80091364,1,*
chr10,810472,810472,1,*
chr10,811211,811211,1,*
chr10,84516538,84516538,1,*
chr10,86926078,86926078,1,*
chr10,89339900,89339900,1,*
chr10,89340874,89340874,1,*
chr10,89402425,89402425,1,*
chr10,91461320,91461320,1,*
chr10,91512695,91512695,1,*
chr10,91514035,91514035,1,*
chr10,91620318,91620318,1,*
chr10,91627745,91627745,1,*
chr10,91629586,91629586,1,*
chr10,91864915,91864915,1,*
chr10,92452985,92452985,1,*
chr10,93353860,93353860,1,*
chr10,93482229,93482229,1,*
chr10,93681515,93681515,1,*
chr10,94333875,94333875,1,*
chr10,94338616,94338616,1,*
chr10,94346483,94346483,1,*
chr10,94533231,94533231,1,*
chr10,94533747,94533747,1,*
chr10,96159254,96159254,1,*
chr10,96518358,96518358,1,*
chr10,96520439,96520439,1,*
chr10,96962315,96962315,1,*
chr10,96963228,96963228,1,*
chr10,96963880,96963880,1,*
chr10,97675730,97675730,1,*
chr10,98423813,98423813,1,*
chr10,99710146,99710146,1,*
chr10,99711170,99711170,1,*
chr10,99879925,99879925,1,*
chr10,99885777,99885777,1,*
chr11,101961859,101961859,1,*
chr11,101961877,101961877,1,*
chr11,103117775,103117775,1,*
chr11,106098374,106098374,1,*
chr11,10853653,10853653,1,*
chr11,10854154,10854154,1,*
chr11,10855864,10855864,1,*
chr11,10856794,10856794,1,*
chr11,10878720,10878720,1,*
chr11,113798483,113798483,1,*
chr11,113798922,113798922,1,*
chr11,114445812,114445812,1,*
chr11,117169789,117169789,1,*
chr11,117351876,117351876,1,*
chr11,118397048,118397048,1,*
chr11,118409221,118409221,1,*
chr11,118497950,118497950,1,*
chr11,119015407,119015407,1,*
chr11,119018363,119018363,1,*
chr11,119112724,119112724,1,*
chr11,119336631,119336631,1,*
chr11,119336736,119336736,1,*
chr11,119663356,119663356,1,*
chr11,119664020,119664020,1,*
chr11,121311139,121311139,1,*
chr11,122789210,122789210,1,*
chr11,122811127,122811127,1,*
chr11,122811395,122811395,1,*
chr11,123079287,123079287,1,*
chr11,123728233,123728233,1,*
chr11,124115466,124115466,1,*
chr11,124626727,124626727,1,*
chr11,124637071,124637071,1,*
chr11,125621389,125621389,1,*
chr11,126304269,126304269,1,*
chr11,126331508,126331508,1,*
chr11,1275033,1275033,1,*
chr11,128811616,128811616,1,*
chr11,128969510,128969510,1,*
chr11,12939404,12939404,1,*
chr11,12941178,12941178,1,*
chr11,129902118,129902118,1,*
chr11,129902203,129902203,1,*
chr11,130869478,130869478,1,*
chr11,134177348,134177348,1,*
chr11,17097140,17097140,1,*
chr11,17788177,17788177,1,*
chr11,18297633,18297633,1,*
chr11,18322147,18322147,1,*
chr11,19832542,19832542,1,*
chr11,20107765,20107765,1,*
chr11,20120902,20120902,1,*
chr11,204968,204968,1,*
chr11,2132381,2132381,1,*
chr11,214421,214421,1,*
chr11,214716,214716,1,*
chr11,22821674,22821674,1,*
chr11,233067,233067,1,*
chr11,233212,233212,1,*
chr11,252942,252942,1,*
chr11,27367417,27367417,1,*
chr11,27368941,27368941,1,*
chr11,33058034,33058034,1,*
chr11,33076145,33076145,1,*
chr11,33076331,33076331,1,*
chr11,33704998,33704998,1,*
chr11,33705198,33705198,1,*
chr11,33707267,33707267,1,*
chr11,33744351,33744351,1,*
chr11,33745084,33745084,1,*
chr11,35201134,35201134,1,*
chr11,36487639,36487639,1,*
chr11,3712669,3712669,1,*
chr11,3731497,3731497,1,*
chr11,4600093,4600093,1,*
chr11,47285079,47285079,1,*
chr11,5667710,5667710,1,*
chr11,57303041,57303041,1,*
chr11,57304727,57304727,1,*
chr11,57307271,57307271,1,*
chr11,57313672,57313672,1,*
chr11,57332187,57332187,1,*
chr11,59143581,59143581,1,*
chr11,59144870,59144870,1,*
chr11,59153928,59153928,1,*
chr11,59154468,59154468,1,*
chr11,61392630,61392630,1,*
chr11,61865710,61865710,1,*
chr11,62800164,62800164,1,*
chr11,62807553,62807553,1,*
chr11,62825489,62825489,1,*
chr11,62835511,62835511,1,*
chr11,62853164,62853164,1,*
chr11,62855545,62855545,1,*
chr11,62855547,62855547,1,*
chr11,62855579,62855579,1,*
chr11,6319186,6319186,1,*
chr11,63910460,63910460,1,*
chr11,63939032,63939032,1,*
chr11,63956413,63956413,1,*
chr11,63997775,63997775,1,*
chr11,64284975,64284975,1,*
chr11,64316471,64316471,1,*
chr11,64317584,64317584,1,*
chr11,64317676,64317676,1,*
chr11,64317826,64317826,1,*
chr11,65039763,65039763,1,*
chr11,653968,653968,1,*
chr11,65501878,65501878,1,*
chr11,65548509,65548509,1,*
chr11,65978665,65978665,1,*
chr11,65998081,65998081,1,*
chr11,66002276,66002276,1,*
chr11,6604700,6604700,1,*
chr11,6605445,6605445,1,*
chr11,6681188,6681188,1,*
chr11,6681753,6681753,1,*
chr11,67367535,67367535,1,*
chr11,68053063,68053063,1,*
chr11,68614725,68614725,1,*
chr11,68615123,68615123,1,*
chr11,703175,703175,1,*
chr11,703595,703595,1,*
chr11,70383380,70383380,1,*
chr11,72110190,72110190,1,*
chr11,73309801,73309801,1,*
chr11,73401631,73401631,1,*
chr11,73404220,73404220,1,*
chr11,73404901,73404901,1,*
chr11,73597933,73597933,1,*
chr11,73909492,73909492,1,*
chr11,74034102,74034102,1,*
chr11,74085872,74085872,1,*
chr11,74098233,74098233,1,*
chr11,74103431,74103431,1,*
chr11,74835860,74835860,1,*
chr11,74907220,74907220,1,*
chr11,7667798,7667798,1,*
chr11,7672771,7672771,1,*
chr11,76797270,76797270,1,*
chr11,77020481,77020481,1,*
chr11,77021740,77021740,1,*
chr11,77022269,77022269,1,*
chr11,77024698,77024698,1,*
chr11,77662888,77662888,1,*
chr11,78172942,78172942,1,*
chr11,793588,793588,1,*
chr11,85659137,85659137,1,*
chr11,85659244,85659244,1,*
chr11,8687107,8687107,1,*
chr11,87321622,87321622,1,*
chr11,90223038,90223038,1,*
chr11,9281069,9281069,1,*
chr11,9282304,9282304,1,*
chr11,9283392,9283392,1,*
chr11,93145500,93145500,1,*
chr11,93726994,93726994,1,*
chr11,9446820,9446820,1,*
chr11,94593544,94593544,1,*
chr11,94873539,94873539,1,*
chr11,94873542,94873542,1,*
chr11,94876193,94876193,1,*
chr11,9998332,9998332,1,*
chr12,100033012,100033012,1,*
chr12,100033527,100033527,1,*
chr12,100033993,100033993,1,*
chr12,103951606,103951606,1,*
chr12,103957127,103957127,1,*
chr12,105197791,105197791,1,*
chr12,106067160,106067160,1,*
chr12,106346849,106346849,1,*
chr12,106347361,106347361,1,*
chr12,106978499,106978499,1,*
chr12,10712640,10712640,1,*
chr12,10716698,10716698,1,*
chr12,109082964,109082964,1,*
chr12,109449631,109449631,1,*
chr12,109451308,109451308,1,*
chr12,109576074,109576074,1,*
chr12,109581533,109581533,1,*
chr12,109904128,109904128,1,*
chr12,109930592,109930592,1,*
chr12,109932336,109932336,1,*
chr12,110036265,110036265,1,*
chr12,110180430,110180430,1,*
chr12,111448480,111448480,1,*
chr12,111449768,111449768,1,*
chr12,113945846,113945846,1,*
chr12,117144437,117144437,1,*
chr12,117146261,117146261,1,*
chr12,118028015,118028015,1,*
chr12,118064870,118064870,1,*
chr12,11893444,11893444,1,*
chr12,120097365,120097365,1,*
chr12,120491738,120491738,1,*
chr12,120713290,120713290,1,*
chr12,120764439,120764439,1,*
chr12,121253293,121253293,1,*
chr12,121430026,121430026,1,*
chr12,121778986,121778986,1,*
chr12,121779030,121779030,1,*
chr12,121958518,121958518,1,*
chr12,122769991,122769991,1,*
chr12,122770215,122770215,1,*
chr12,123221415,123221415,1,*
chr12,123415560,123415560,1,*
chr12,123523527,123523527,1,*
chr12,123613219,123613219,1,*
chr12,123620004,123620004,1,*
chr12,123621091,123621091,1,*
chr12,123756959,123756959,1,*
chr12,125142641,125142641,1,*
chr12,12912775,12912775,1,*
chr12,130827204,130827204,1,*
chr12,132077730,132077730,1,*
chr12,132077746,132077746,1,*
chr12,132077866,132077866,1,*
chr12,132078826,132078826,1,*
chr12,132659414,132659414,1,*
chr12,132659444,132659444,1,*
chr12,132921910,132921910,1,*
chr12,132921935,132921935,1,*
chr12,133155926,133155926,1,*
chr12,133156038,133156038,1,*
chr12,1371872,1371872,1,*
chr12,14776787,14776787,1,*
chr12,1492487,1492487,1,*
chr12,1494262,1494262,1,*
chr12,15655487,15655487,1,*
chr12,1591768,1591768,1,*
chr12,20681308,20681308,1,*
chr12,22688158,22688158,1,*
chr12,22688370,22688370,1,*
chr12,22688426,22688426,1,*
chr12,22688553,22688553,1,*
chr12,22689844,22689844,1,*
chr12,23527395,23527395,1,*
chr12,23528183,23528183,1,*
chr12,25207290,25207290,1,*
chr12,25207611,25207611,1,*
chr12,25208140,25208140,1,*
chr12,25945273,25945273,1,*
chr12,25952807,25952807,1,*
chr12,26071062,26071062,1,*
chr12,26230901,26230901,1,*
chr12,26231026,26231026,1,*
chr12,26336287,26336287,1,*
chr12,27714794,27714794,1,*
chr12,28259439,28259439,1,*
chr12,28450179,28450179,1,*
chr12,29339144,29339144,1,*
chr12,3038037,3038037,1,*
chr12,31451994,31451994,1,*
chr12,31452110,31452110,1,*
chr12,31981992,31981992,1,*
chr12,31984513,31984513,1,*
chr12,31992722,31992722,1,*
chr12,32328435,32328435,1,*
chr12,34022573,34022573,1,*
chr12,43754970,43754970,1,*
chr12,438517,438517,1,*
chr12,47748853,47748853,1,*
chr12,47760371,47760371,1,*
chr12,47879057,47879057,1,*
chr12,4812135,4812135,1,*
chr12,4812864,4812864,1,*
chr12,4814198,4814198,1,*
chr12,48342656,48342656,1,*
chr12,48693873,48693873,1,*
chr12,49030751,49030751,1,*
chr12,49990686,49990686,1,*
chr12,50987967,50987967,1,*
chr12,51063451,51063451,1,*
chr12,51094639,51094639,1,*
chr12,51172758,51172758,1,*
chr12,51189658,51189658,1,*
chr12,53064607,53064607,1,*
chr12,56137370,56137370,1,*
chr12,56159057,56159057,1,*
chr12,56425138,56425138,1,*
chr12,56469986,56469986,1,*
chr12,56610180,56610180,1,*
chr12,57059420,57059420,1,*
chr12,57103222,57103222,1,*
chr12,58890769,58890769,1,*
chr12,62500856,62500856,1,*
chr12,62614917,62614917,1,*
chr12,62614928,62614928,1,*
chr12,64449350,64449350,1,*
chr12,6463895,6463895,1,*
chr12,6463980,6463980,1,*
chr12,6464550,6464550,1,*
chr12,6464583,6464583,1,*
chr12,6465878,6465878,1,*
chr12,65246980,65246980,1,*
chr12,66119086,66119086,1,*
chr12,66120943,66120943,1,*
chr12,66129048,66129048,1,*
chr12,66248696,66248696,1,*
chr12,6839663,6839663,1,*
chr12,69577487,69577487,1,*
chr12,69578447,69578447,1,*
chr12,69579227,69579227,1,*
chr12,69579424,69579424,1,*
chr12,7066109,7066109,1,*
chr12,7127589,7127589,1,*
chr12,7128284,7128284,1,*
chr12,7129017,7129017,1,*
chr12,71614641,71614641,1,*
chr12,71787301,71787301,1,*
chr12,71790340,71790340,1,*
chr12,71912352,71912352,1,*
chr12,71925503,71925503,1,*
chr12,71925509,71925509,1,*
chr12,76841988,76841988,1,*
chr12,88196237,88196237,1,*
chr12,93502539,93502539,1,*
chr12,95300167,95300167,1,*
chr12,95514973,95514973,1,*
chr12,9660808,9660808,1,*
chr12,98603497,98603497,1,*
chr12,98603562,98603562,1,*
chr13,102676310,102676310,1,*
chr13,106558072,106558072,1,*
chr13,108233624,108233624,1,*
chr13,109755746,109755746,1,*
chr13,110166251,110166251,1,*
chr13,110523362,110523362,1,*
chr13,110523371,110523371,1,*
chr13,110634997,110634997,1,*
chr13,110639191,110639191,1,*
chr13,110866990,110866990,1,*
chr13,110897111,110897111,1,*
chr13,110897443,110897443,1,*
chr13,110898444,110898444,1,*
chr13,112873653,112873653,1,*
chr13,112885567,112885567,1,*
chr13,19851771,19851771,1,*
chr13,19851808,19851808,1,*
chr13,19862458,19862458,1,*
chr13,24223648,24223648,1,*
chr13,24224195,24224195,1,*
chr13,24224427,24224427,1,*
chr13,24494670,24494670,1,*
chr13,25249087,25249087,1,*
chr13,25249303,25249303,1,*
chr13,25249313,25249313,1,*
chr13,26676686,26676686,1,*
chr13,27547570,27547570,1,*
chr13,27666140,27666140,1,*
chr13,27666280,27666280,1,*
chr13,29532930,29532930,1,*
chr13,30203164,30203164,1,*
chr13,30206260,30206260,1,*
chr13,30457182,30457182,1,*
chr13,30459078,30459078,1,*
chr13,30462228,30462228,1,*
chr13,30464141,30464141,1,*
chr13,30464211,30464211,1,*
chr13,32522874,32522874,1,*
chr13,32525337,32525337,1,*
chr13,32526774,32526774,1,*
chr13,32528739,32528739,1,*
chr13,36302566,36302566,1,*
chr13,36303548,36303548,1,*
chr13,36847645,36847645,1,*
chr13,36848061,36848061,1,*
chr13,36848280,36848280,1,*
chr13,36848476,36848476,1,*
chr13,39010236,39010236,1,*
chr13,39012104,39012104,1,*
chr13,39012206,39012206,1,*
chr13,39013728,39013728,1,*
chr13,39013752,39013752,1,*
chr13,39048314,39048314,1,*
chr13,39719291,39719291,1,*
chr13,40756890,40756890,1,*
chr13,41375825,41375825,1,*
chr13,42234447,42234447,1,*
chr13,42234547,42234547,1,*
chr13,44574121,44574121,1,*
chr13,44575526,44575526,1,*
chr13,45031444,45031444,1,*
chr13,45031612,45031612,1,*
chr13,45395973,45395973,1,*
chr13,49521685,49521685,1,*
chr13,49699834,49699834,1,*
chr13,49709683,49709683,1,*
chr13,49997165,49997165,1,*
chr13,52643265,52643265,1,*
chr13,72758742,72758742,1,*
chr13,75286073,75286073,1,*
chr13,75292148,75292148,1,*
chr13,75341125,75341125,1,*
chr13,76881871,76881871,1,*
chr13,79314341,79314341,1,*
chr13,79520895,79520895,1,*
chr13,79553500,79553500,1,*
chr13,95020203,95020203,1,*
chr13,95186749,95186749,1,*
chr13,97392904,97392904,1,*
chr13,98404318,98404318,1,*
chr13,98406441,98406441,1,*
chr13,98406938,98406938,1,*
chr14,100381100,100381100,1,*
chr14,102376702,102376702,1,*
chr14,102434431,102434431,1,*
chr14,102907097,102907097,1,*
chr14,102910491,102910491,1,*
chr14,103503572,103503572,1,*
chr14,103694944,103694944,1,*
chr14,103699590,103699590,1,*
chr14,104716554,104716554,1,*
chr14,104893790,104893790,1,*
chr14,105367342,105367342,1,*
chr14,105488345,105488345,1,*
chr14,20408094,20408094,1,*
chr14,20684540,20684540,1,*
chr14,21207913,21207913,1,*
chr14,21498965,21498965,1,*
chr14,22842271,22842271,1,*
chr14,22843509,22843509,1,*
chr14,23182795,23182795,1,*
chr14,23275723,23275723,1,*
chr14,23359684,23359684,1,*
chr14,23557284,23557284,1,*
chr14,23562882,23562882,1,*
chr14,24233024,24233024,1,*
chr14,24307563,24307563,1,*
chr14,24438440,24438440,1,*
chr14,24439005,24439005,1,*
chr14,31178233,31178233,1,*
chr14,31321680,31321680,1,*
chr14,31446467,31446467,1,*
chr14,31446699,31446699,1,*
chr14,34433701,34433701,1,*
chr14,34516300,34516300,1,*
chr14,34524776,34524776,1,*
chr14,35292386,35292386,1,*
chr14,37548059,37548059,1,*
chr14,52431665,52431665,1,*
chr14,52470537,52470537,1,*
chr14,55048586,55048586,1,*
chr14,55132463,55132463,1,*
chr14,55137522,55137522,1,*
chr14,55137635,55137635,1,*
chr14,57289361,57289361,1,*
chr14,57412161,57412161,1,*
chr14,58131534,58131534,1,*
chr14,58364260,58364260,1,*
chr14,60140521,60140521,1,*
chr14,60298527,60298527,1,*
chr14,60720015,60720015,1,*
chr14,61796179,61796179,1,*
chr14,64442433,64442433,1,*
chr14,64443730,64443730,1,*
chr14,64526295,64526295,1,*
chr14,64526540,64526540,1,*
chr14,64526733,64526733,1,*
chr14,64527045,64527045,1,*
chr14,64528494,64528494,1,*
chr14,64528518,64528518,1,*
chr14,64529769,64529769,1,*
chr14,64530237,64530237,1,*
chr14,64934977,64934977,1,*
chr14,65062169,65062169,1,*
chr14,65062174,65062174,1,*
chr14,67333008,67333008,1,*
chr14,67333599,67333599,1,*
chr14,67385548,67385548,1,*
chr14,67386014,67386014,1,*
chr14,67593857,67593857,1,*
chr14,67648450,67648450,1,*
chr14,67650704,67650704,1,*
chr14,67782782,67782782,1,*
chr14,67785217,67785217,1,*
chr14,67785274,67785274,1,*
chr14,67789502,67789502,1,*
chr14,67790635,67790635,1,*
chr14,69459341,69459341,1,*
chr14,69460801,69460801,1,*
chr14,70366820,70366820,1,*
chr14,70584371,70584371,1,*
chr14,70584562,70584562,1,*
chr14,73101041,73101041,1,*
chr14,73219602,73219602,1,*
chr14,73222153,73222153,1,*
chr14,73222921,73222921,1,*
chr14,73885270,73885270,1,*
chr14,73938053,73938053,1,*
chr14,73946540,73946540,1,*
chr14,74288233,74288233,1,*
chr14,74289181,74289181,1,*
chr14,74290316,74290316,1,*
chr14,74292303,74292303,1,*
chr14,74292598,74292598,1,*
chr14,74292774,74292774,1,*
chr14,74292826,74292826,1,*
chr14,74293383,74293383,1,*
chr14,74294772,74294772,1,*
chr14,74296361,74296361,1,*
chr14,74296383,74296383,1,*
chr14,74297972,74297972,1,*
chr14,74299649,74299649,1,*
chr14,74299657,74299657,1,*
chr14,74892501,74892501,1,*
chr14,75047435,75047435,1,*
chr14,75902201,75902201,1,*
chr14,75981507,75981507,1,*
chr14,76205761,76205761,1,*
chr14,77276039,77276039,1,*
chr14,77506926,77506926,1,*
chr14,77508086,77508086,1,*
chr14,77510542,77510542,1,*
chr14,77512278,77512278,1,*
chr14,81176930,81176930,1,*
chr14,89932563,89932563,1,*
chr14,89954625,89954625,1,*
chr14,89963514,89963514,1,*
chr14,89985156,89985156,1,*
chr14,92061633,92061633,1,*
chr14,92163982,92163982,1,*
chr14,92940609,92940609,1,*
chr14,93227813,93227813,1,*
chr14,94056137,94056137,1,*
chr14,94096919,94096919,1,*
chr14,94621463,94621463,1,*
chr14,94624073,94624073,1,*
chr14,94763440,94763440,1,*
chr14,96087102,96087102,1,*
chr14,96091518,96091518,1,*
chr14,96092576,96092576,1,*
chr14,96092686,96092686,1,*
chr14,99513432,99513432,1,*
chr15,100569472,100569472,1,*
chr15,100914804,100914804,1,*
chr15,101069532,101069532,1,*
chr15,28144734,28144734,1,*
chr15,28233177,28233177,1,*
chr15,30940544,30940544,1,*
chr15,32766665,32766665,1,*
chr15,32768387,32768387,1,*
chr15,32773082,32773082,1,*
chr15,32773398,32773398,1,*
chr15,32774277,32774277,1,*
chr15,34856847,34856847,1,*
chr15,34980498,34980498,1,*
chr15,34988198,34988198,1,*
chr15,36892141,36892141,1,*
chr15,38355494,38355494,1,*
chr15,40391501,40391501,1,*
chr15,40421175,40421175,1,*
chr15,40467148,40467148,1,*
chr15,40687453,40687453,1,*
chr15,40776211,40776211,1,*
chr15,40814287,40814287,1,*
chr15,41528002,41528002,1,*
chr15,41846258,41846258,1,*
chr15,41899870,41899870,1,*
chr15,41943118,41943118,1,*
chr15,42339730,42339730,1,*
chr15,42339778,42339778,1,*
chr15,42412993,42412993,1,*
chr15,42542898,42542898,1,*
chr15,42543876,42543876,1,*
chr15,42566693,42566693,1,*
chr15,42567522,42567522,1,*
chr15,42567558,42567558,1,*
chr15,42567932,42567932,1,*
chr15,42963993,42963993,1,*
chr15,44716496,44716496,1,*
chr15,45167773,45167773,1,*
chr15,48409428,48409428,1,*
chr15,49620749,49620749,1,*
chr15,50353420,50353420,1,*
chr15,50477323,50477323,1,*
chr15,51003818,51003818,1,*
chr15,52020020,52020020,1,*
chr15,52310496,52310496,1,*
chr15,52310539,52310539,1,*
chr15,52312336,52312336,1,*
chr15,52313664,52313664,1,*
chr15,52359977,52359977,1,*
chr15,55544506,55544506,1,*
chr15,55544890,55544890,1,*
chr15,55828786,55828786,1,*
chr15,55829156,55829156,1,*
chr15,57287025,57287025,1,*
chr15,57288850,57288850,1,*
chr15,58857557,58857557,1,*
chr15,61920582,61920582,1,*
chr15,61962790,61962790,1,*
chr15,62007404,62007404,1,*
chr15,63064375,63064375,1,*
chr15,63070180,63070180,1,*
chr15,63130573,63130573,1,*
chr15,63141586,63141586,1,*
chr15,63591231,63591231,1,*
chr15,63910453,63910453,1,*
chr15,63910580,63910580,1,*
chr15,64141697,64141697,1,*
chr15,64141959,64141959,1,*
chr15,64142079,64142079,1,*
chr15,64142719,64142719,1,*
chr15,64143862,64143862,1,*
chr15,64684856,64684856,1,*
chr15,65442843,65442843,1,*
chr15,65443159,65443159,1,*
chr15,65443975,65443975,1,*
chr15,65446965,65446965,1,*
chr15,65571579,65571579,1,*
chr15,65579040,65579040,1,*
chr15,65579101,65579101,1,*
chr15,65579360,65579360,1,*
chr15,65659979,65659979,1,*
chr15,65669852,65669852,1,*
chr15,65792038,65792038,1,*
chr15,65888805,65888805,1,*
chr15,65891098,65891098,1,*
chr15,66349394,66349394,1,*
chr15,66386653,66386653,1,*
chr15,71824212,71824212,1,*
chr15,71825126,71825126,1,*
chr15,72267010,72267010,1,*
chr15,72345619,72345619,1,*
chr15,74798906,74798906,1,*
chr15,74899031,74899031,1,*
chr15,74901091,74901091,1,*
chr15,74901282,74901282,1,*
chr15,74902087,74902087,1,*
chr15,75660933,75660933,1,*
chr15,75684402,75684402,1,*
chr15,76434124,76434124,1,*
chr15,76883817,76883817,1,*
chr15,76883859,76883859,1,*
chr15,78166296,78166296,1,*
chr15,78170061,78170061,1,*
chr15,78500767,78500767,1,*
chr15,80976927,80976927,1,*
chr15,81290527,81290527,1,*
chr15,81292584,81292584,1,*
chr15,81306075,81306075,1,*
chr15,82831014,82831014,1,*
chr15,84869186,84869186,1,*
chr15,85581385,85581385,1,*
chr15,85619508,85619508,1,*
chr15,85748791,85748791,1,*
chr15,88459639,88459639,1,*
chr15,88631278,88631278,1,*
chr15,88877743,88877743,1,*
chr15,88905649,88905649,1,*
chr15,89897776,89897776,1,*
chr15,89898705,89898705,1,*
chr15,90358940,90358940,1,*
chr15,90912228,90912228,1,*
chr15,90953012,90953012,1,*
chr15,92892128,92892128,1,*
chr15,98960607,98960607,1,*
chr15,99126774,99126774,1,*
chr15,99129423,99129423,1,*
chr15,99129956,99129956,1,*
chr15,99130073,99130073,1,*
chr15,99134263,99134263,1,*
chr15,99137215,99137215,1,*
chr15,99221836,99221836,1,*
chr16,11179602,11179602,1,*
chr16,11180628,11180628,1,*
chr16,12662792,12662792,1,*
chr16,13948101,13948101,1,*
chr16,13949073,13949073,1,*
chr16,13949157,13949157,1,*
chr16,13950860,13950860,1,*
chr16,13950924,13950924,1,*
chr16,13951472,13951472,1,*
chr16,14217178,14217178,1,*
chr16,15617478,15617478,1,*
chr16,15699758,15699758,1,*
chr16,1744807,1744807,1,*
chr16,1976291,1976291,1,*
chr16,1986630,1986630,1,*
chr16,1986779,1986779,1,*
chr16,1986934,1986934,1,*
chr16,1986936,1986936,1,*
chr16,1998795,1998795,1,*
chr16,2075833,2075833,1,*
chr16,21962813,21962813,1,*
chr16,22080746,22080746,1,*
chr16,23522215,23522215,1,*
chr16,23570957,23570957,1,*
chr16,23673902,23673902,1,*
chr16,23675835,23675835,1,*
chr16,24943862,24943862,1,*
chr16,2601958,2601958,1,*
chr16,27681514,27681514,1,*
chr16,2769347,2769347,1,*
chr16,2770445,2770445,1,*
chr16,27708880,27708880,1,*
chr16,27751789,27751789,1,*
chr16,29971827,29971827,1,*
chr16,29996004,29996004,1,*
chr16,30002136,30002136,1,*
chr16,3024335,3024335,1,*
chr16,30357189,30357189,1,*
chr16,3289435,3289435,1,*
chr16,3317229,3317229,1,*
chr16,347044,347044,1,*
chr16,3983435,3983435,1,*
chr16,4474154,4474154,1,*
chr16,4506910,4506910,1,*
chr16,4512285,4512285,1,*
chr16,4664744,4664744,1,*
chr16,4689822,4689822,1,*
chr16,47663707,47663707,1,*
chr16,48540129,48540129,1,*
chr16,4874894,4874894,1,*
chr16,50334752,50334752,1,*
chr16,53156029,53156029,1,*
chr16,56477114,56477114,1,*
chr16,56477333,56477333,1,*
chr16,56666810,56666810,1,*
chr16,57995042,57995042,1,*
chr16,57995474,57995474,1,*
chr16,58162257,58162257,1,*
chr16,58162832,58162832,1,*
chr16,58163695,58163695,1,*
chr16,58404748,58404748,1,*
chr16,58405286,58405286,1,*
chr16,58665578,58665578,1,*
chr16,58683970,58683970,1,*
chr16,58707311,58707311,1,*
chr16,58707946,58707946,1,*
chr16,58708045,58708045,1,*
chr16,59332,59332,1,*
chr16,64946073,64946073,1,*
chr16,65053839,65053839,1,*
chr16,66730407,66730407,1,*
chr16,66733756,66733756,1,*
chr16,66886026,66886026,1,*
chr16,66886549,66886549,1,*
chr16,66886607,66886607,1,*
chr16,66887046,66887046,1,*
chr16,66887353,66887353,1,*
chr16,66935273,66935273,1,*
chr16,66944094,66944094,1,*
chr16,67198781,67198781,1,*
chr16,67228872,67228872,1,*
chr16,67438053,67438053,1,*
chr16,67832054,67832054,1,*
chr16,68054582,68054582,1,*
chr16,68301489,68301489,1,*
chr16,68860050,68860050,1,*
chr16,69699983,69699983,1,*
chr16,71283664,71283664,1,*
chr16,74448490,74448490,1,*
chr16,74449389,74449389,1,*
chr16,74621754,74621754,1,*
chr16,74622624,74622624,1,*
chr16,75538815,75538815,1,*
chr16,75539008,75539008,1,*
chr16,75612525,75612525,1,*
chr16,75612610,75612610,1,*
chr16,81045358,81045358,1,*
chr16,81045404,81045404,1,*
chr16,81889208,81889208,1,*
chr16,83678339,83678339,1,*
chr16,83795524,83795524,1,*
chr16,83795941,83795941,1,*
chr16,84135577,84135577,1,*
chr16,84178425,84178425,1,*
chr16,84486686,84486686,1,*
chr16,84908212,84908212,1,*
chr16,85674566,85674566,1,*
chr16,87748790,87748790,1,*
chr16,8848000,8848000,1,*
chr16,88835791,88835791,1,*
chr16,88837678,88837678,1,*
chr16,88842751,88842751,1,*
chr16,89227322,89227322,1,*
chr16,89228419,89228419,1,*
chr16,89561263,89561263,1,*
chr16,89739386,89739386,1,*
chr16,89898647,89898647,1,*
chr16,89909088,89909088,1,*
chr16,90036427,90036427,1,*
chr16,90044329,90044329,1,*
chr16,9106871,9106871,1,*
chr16,954605,954605,1,*
chr17,13011692,13011692,1,*
chr17,13495543,13495543,1,*
chr17,14034322,14034322,1,*
chr17,14034331,14034331,1,*
chr17,14076741,14076741,1,*
chr17,14102122,14102122,1,*
chr17,1468458,1468458,1,*
chr17,1520398,1520398,1,*
chr17,15229806,15229806,1,*
chr17,15719909,15719909,1,*
chr17,16027568,16027568,1,*
chr17,1647937,1647937,1,*
chr17,17184126,17184126,1,*
chr17,17187426,17187426,1,*
chr17,17190768,17190768,1,*
chr17,17191605,17191605,1,*
chr17,17213230,17213230,1,*
chr17,17213299,17213299,1,*
chr17,17216447,17216447,1,*
chr17,17231862,17231862,1,*
chr17,1780023,1780023,1,*
chr17,1781311,1781311,1,*
chr17,18184780,18184780,1,*
chr17,18325084,18325084,1,*
chr17,18805668,18805668,1,*
chr17,18865557,18865557,1,*
chr17,19343354,19343354,1,*
chr17,21241205,21241205,1,*
chr17,21534255,21534255,1,*
chr17,2299873,2299873,1,*
chr17,2365017,2365017,1,*
chr17,27605790,27605790,1,*
chr17,27624903,27624903,1,*
chr17,27625056,27625056,1,*
chr17,27625263,27625263,1,*
chr17,27625777,27625777,1,*
chr17,28716541,28716541,1,*
chr17,28898568,28898568,1,*
chr17,29114059,29114059,1,*
chr17,29140361,29140361,1,*
chr17,30636678,30636678,1,*
chr17,30783490,30783490,1,*
chr17,30783515,30783515,1,*
chr17,30783634,30783634,1,*
chr17,30783842,30783842,1,*
chr17,31863329,31863329,1,*
chr17,31999341,31999341,1,*
chr17,31999994,31999994,1,*
chr17,35575616,35575616,1,*
chr17,3623343,3623343,1,*
chr17,36515970,36515970,1,*
chr17,3660774,3660774,1,*
chr17,3660924,3660924,1,*
chr17,3660941,3660941,1,*
chr17,37411381,37411381,1,*
chr17,3807123,3807123,1,*
chr17,38716896,38716896,1,*
chr17,38780593,38780593,1,*
chr17,38801179,38801179,1,*
chr17,38806973,38806973,1,*
chr17,4064558,4064558,1,*
chr17,4077996,4077996,1,*
chr17,40834800,40834800,1,*
chr17,40834801,40834801,1,*
chr17,4164258,4164258,1,*
chr17,41818934,41818934,1,*
chr17,42111382,42111382,1,*
chr17,42573361,42573361,1,*
chr17,42701754,42701754,1,*
chr17,43164265,43164265,1,*
chr17,44205803,44205803,1,*
chr17,45150784,45150784,1,*
chr17,4539523,4539523,1,*
chr17,45475171,45475171,1,*
chr17,4548281,4548281,1,*
chr17,4554276,4554276,1,*
chr17,46033166,46033166,1,*
chr17,46033175,46033175,1,*
chr17,4671456,4671456,1,*
chr17,46940471,46940471,1,*
chr17,47313083,47313083,1,*
chr17,4733518,4733518,1,*
chr17,47531519,47531519,1,*
chr17,47592512,47592512,1,*
chr17,47838029,47838029,1,*
chr17,47975517,47975517,1,*
chr17,48052892,48052892,1,*
chr17,48053505,48053505,1,*
chr17,48929586,48929586,1,*
chr17,48929651,48929651,1,*
chr17,48929992,48929992,1,*
chr17,4968223,4968223,1,*
chr17,50081321,50081321,1,*
chr17,50976533,50976533,1,*
chr17,51178833,51178833,1,*
chr17,5183745,5183745,1,*
chr17,5443764,5443764,1,*
chr17,5450884,5450884,1,*
chr17,5486568,5486568,1,*
chr17,5490283,5490283,1,*
chr17,5514702,5514702,1,*
chr17,5515479,5515479,1,*
chr17,5521586,5521586,1,*
chr17,5521671,5521671,1,*
chr17,5530646,5530646,1,*
chr17,5533965,5533965,1,*
chr17,5536877,5536877,1,*
chr17,5536901,5536901,1,*
chr17,5536928,5536928,1,*
chr17,5541923,5541923,1,*
chr17,5541994,5541994,1,*
chr17,57873676,57873676,1,*
chr17,58090517,58090517,1,*
chr17,58092851,58092851,1,*
chr17,58094777,58094777,1,*
chr17,58095680,58095680,1,*
chr17,58097210,58097210,1,*
chr17,60709320,60709320,1,*
chr17,60868588,60868588,1,*
chr17,623667,623667,1,*
chr17,64040373,64040373,1,*
chr17,64041782,64041782,1,*
chr17,64041797,64041797,1,*
chr17,64043209,64043209,1,*
chr17,64213745,64213745,1,*
chr17,64800078,64800078,1,*
chr17,6578999,6578999,1,*
chr17,6635035,6635035,1,*
chr17,67076444,67076444,1,*
chr17,67911547,67911547,1,*
chr17,68129875,68129875,1,*
chr17,68130272,68130272,1,*
chr17,68130748,68130748,1,*
chr17,68132424,68132424,1,*
chr17,7016317,7016317,1,*
chr17,7220187,7220187,1,*
chr17,7221369,7221369,1,*
chr17,7221472,7221472,1,*
chr17,7456791,7456791,1,*
chr17,75064615,75064615,1,*
chr17,75234701,75234701,1,*
chr17,75266931,75266931,1,*
chr17,75524404,75524404,1,*
chr17,75943977,75943977,1,*
chr17,76082200,76082200,1,*
chr17,76083078,76083078,1,*
chr17,76398853,76398853,1,*
chr17,76565240,76565240,1,*
chr17,7857079,7857079,1,*
chr17,7858194,7858194,1,*
chr17,78675915,78675915,1,*
chr17,78797029,78797029,1,*
chr17,79049340,79049340,1,*
chr17,7912394,7912394,1,*
chr17,7914686,7914686,1,*
chr17,79935827,79935827,1,*
chr17,79936247,79936247,1,*
chr17,79936498,79936498,1,*
chr17,80347357,80347357,1,*
chr17,80363784,80363784,1,*
chr17,80393425,80393425,1,*
chr17,80437199,80437199,1,*
chr17,81030577,81030577,1,*
chr17,81032547,81032547,1,*
chr17,81035261,81035261,1,*
chr17,81464292,81464292,1,*
chr17,81464977,81464977,1,*
chr17,81557945,81557945,1,*
chr17,81914105,81914105,1,*
chr17,81920866,81920866,1,*
chr17,82062936,82062936,1,*
chr17,82394427,82394427,1,*
chr17,82727726,82727726,1,*
chr18,11885085,11885085,1,*
chr18,11893555,11893555,1,*
chr18,13038432,13038432,1,*
chr18,13092425,13092425,1,*
chr18,23297331,23297331,1,*
chr18,23297473,23297473,1,*
chr18,23437871,23437871,1,*
chr18,23482731,23482731,1,*
chr18,23506422,23506422,1,*
chr18,2554808,2554808,1,*
chr18,2554837,2554837,1,*
chr18,2555003,2555003,1,*
chr18,2555006,2555006,1,*
chr18,2555009,2555009,1,*
chr18,26274728,26274728,1,*
chr18,2917370,2917370,1,*
chr18,31542655,31542655,1,*
chr18,31624513,31624513,1,*
chr18,32264309,32264309,1,*
chr18,32264403,32264403,1,*
chr18,32266448,32266448,1,*
chr18,32266656,32266656,1,*
chr18,32287541,32287541,1,*
chr18,335099,335099,1,*
chr18,35248929,35248929,1,*
chr18,35290205,35290205,1,*
chr18,35307627,35307627,1,*
chr18,35335661,35335661,1,*
chr18,35340685,35340685,1,*
chr18,35369591,35369591,1,*
chr18,35468590,35468590,1,*
chr18,45850174,45850174,1,*
chr18,45916574,45916574,1,*
chr18,45928890,45928890,1,*
chr18,48920219,48920219,1,*
chr18,49097513,49097513,1,*
chr18,5239717,5239717,1,*
chr18,5241129,5241129,1,*
chr18,5241171,5241171,1,*
chr18,5241501,5241501,1,*
chr18,5242054,5242054,1,*
chr18,56626427,56626427,1,*
chr18,57550464,57550464,1,*
chr18,58748387,58748387,1,*
chr18,58748822,58748822,1,*
chr18,58749237,58749237,1,*
chr18,58749461,58749461,1,*
chr18,58750589,58750589,1,*
chr18,59359129,59359129,1,*
chr18,62101142,62101142,1,*
chr18,62102800,62102800,1,*
chr18,62978276,62978276,1,*
chr18,668520,668520,1,*
chr18,670888,670888,1,*
chr18,672836,672836,1,*
chr18,68676288,68676288,1,*
chr18,68676335,68676335,1,*
chr18,68676890,68676890,1,*
chr18,70325448,70325448,1,*
chr18,70328598,70328598,1,*
chr18,74148730,74148730,1,*
chr18,74149043,74149043,1,*
chr18,74632282,74632282,1,*
chr18,79448922,79448922,1,*
chr18,79528681,79528681,1,*
chr18,80133156,80133156,1,*
chr18,9221885,9221885,1,*
chr18,9254787,9254787,1,*
chr18,9258533,9258533,1,*
chr18,9275565,9275565,1,*
chr18,9281325,9281325,1,*
chr18,9281569,9281569,1,*
chr18,9401266,9401266,1,*
chr18,9860125,9860125,1,*
chr19,10316570,10316570,1,*
chr19,10557997,10557997,1,*
chr19,10994932,10994932,1,*
chr19,11058838,11058838,1,*
chr19,11350810,11350810,1,*
chr19,11833507,11833507,1,*
chr19,11833585,11833585,1,*
chr19,11868013,11868013,1,*
chr19,11868854,11868854,1,*
chr19,11948652,11948652,1,*
chr19,12075333,12075333,1,*
chr19,12075796,12075796,1,*
chr19,12630710,12630710,1,*
chr19,12676608,12676608,1,*
chr19,12676771,12676771,1,*
chr19,12676794,12676794,1,*
chr19,12677038,12677038,1,*
chr19,12679692,12679692,1,*
chr19,12681563,12681563,1,*
chr19,13154456,13154456,1,*
chr19,14717018,14717018,1,*
chr19,1589065,1589065,1,*
chr19,16518039,16518039,1,*
chr19,16518143,16518143,1,*
chr19,16550302,16550302,1,*
chr19,16636164,16636164,1,*
chr19,16894218,16894218,1,*
chr19,16970897,16970897,1,*
chr19,16997243,16997243,1,*
chr19,17320037,17320037,1,*
chr19,18389048,18389048,1,*
chr19,18867310,18867310,1,*
chr19,19194090,19194090,1,*
chr19,19506847,19506847,1,*
chr19,19668897,19668897,1,*
chr19,19679350,19679350,1,*
chr19,19793701,19793701,1,*
chr19,19892767,19892767,1,*
chr19,2072600,2072600,1,*
chr19,2072647,2072647,1,*
chr19,23261681,23261681,1,*
chr19,23360293,23360293,1,*
chr19,23362645,23362645,1,*
chr19,23374700,23374700,1,*
chr19,24127611,24127611,1,*
chr19,27793156,27793156,1,*
chr19,2834375,2834375,1,*
chr19,2852746,2852746,1,*
chr19,29701350,29701350,1,*
chr19,29701567,29701567,1,*
chr19,32586067,32586067,1,*
chr19,32640321,32640321,1,*
chr19,32713345,32713345,1,*
chr19,34351583,34351583,1,*
chr19,35731956,35731956,1,*
chr19,35744754,35744754,1,*
chr19,3578775,3578775,1,*
chr19,36643835,36643835,1,*
chr19,36950463,36950463,1,*
chr19,37184708,37184708,1,*
chr19,38931064,38931064,1,*
chr19,38931288,38931288,1,*
chr19,38941822,38941822,1,*
chr19,38941874,38941874,1,*
chr19,39397750,39397750,1,*
chr19,39398404,39398404,1,*
chr19,39422918,39422918,1,*
chr19,39422994,39422994,1,*
chr19,39434416,39434416,1,*
chr19,40070822,40070822,1,*
chr19,40073561,40073561,1,*
chr19,40073935,40073935,1,*
chr19,40074519,40074519,1,*
chr19,40441844,40441844,1,*
chr19,40458405,40458405,1,*
chr19,40680974,40680974,1,*
chr19,40757498,40757498,1,*
chr19,41259670,41259670,1,*
chr19,41309187,41309187,1,*
chr19,41323552,41323552,1,*
chr19,41410642,41410642,1,*
chr19,42229713,42229713,1,*
chr19,43598987,43598987,1,*
chr19,43731365,43731365,1,*
chr19,43731383,43731383,1,*
chr19,44031822,44031822,1,*
chr19,44031918,44031918,1,*
chr19,44107009,44107009,1,*
chr19,44108685,44108685,1,*
chr19,44235175,44235175,1,*
chr19,44477308,44477308,1,*
chr19,44664502,44664502,1,*
chr19,44665131,44665131,1,*
chr19,44893972,44893972,1,*
chr19,45408744,45408744,1,*
chr19,45409148,45409148,1,*
chr19,45778570,45778570,1,*
chr19,45778618,45778618,1,*
chr19,46648121,46648121,1,*
chr19,47352883,47352883,1,*
chr19,47725912,47725912,1,*
chr19,48230938,48230938,1,*
chr19,48231685,48231685,1,*
chr19,48238477,48238477,1,*
chr19,48255857,48255857,1,*
chr19,49010016,49010016,1,*
chr19,49542982,49542982,1,*
chr19,49665670,49665670,1,*
chr19,49976742,49976742,1,*
chr19,49979223,49979223,1,*
chr19,49980977,49980977,1,*
chr19,49994821,49994821,1,*
chr19,50000799,50000799,1,*
chr19,50007605,50007605,1,*
chr19,50007803,50007803,1,*
chr19,50009349,50009349,1,*
chr19,50026099,50026099,1,*
chr19,50041768,50041768,1,*
chr19,50041813,50041813,1,*
chr19,50044934,50044934,1,*
chr19,50045110,50045110,1,*
chr19,50045186,50045186,1,*
chr19,50045369,50045369,1,*
chr19,50045430,50045430,1,*
chr19,50045661,50045661,1,*
chr19,50046204,50046204,1,*
chr19,50046404,50046404,1,*
chr19,50046427,50046427,1,*
chr19,51573228,51573228,1,*
chr19,51586729,51586729,1,*
chr19,51872787,51872787,1,*
chr19,51872866,51872866,1,*
chr19,51872873,51872873,1,*
chr19,51872919,51872919,1,*
chr19,51872973,51872973,1,*
chr19,51877314,51877314,1,*
chr19,51904963,51904963,1,*
chr19,51904964,51904964,1,*
chr19,51936110,51936110,1,*
chr19,51991856,51991856,1,*
chr19,51991861,51991861,1,*
chr19,51992393,51992393,1,*
chr19,51992395,51992395,1,*
chr19,51992431,51992431,1,*
chr19,51992550,51992550,1,*
chr19,52014901,52014901,1,*
chr19,52016930,52016930,1,*
chr19,52025821,52025821,1,*
chr19,52035175,52035175,1,*
chr19,5205615,5205615,1,*
chr19,52067333,52067333,1,*
chr19,52582779,52582779,1,*
chr19,52583701,52583701,1,*
chr19,52592134,52592134,1,*
chr19,52767207,52767207,1,*
chr19,52767396,52767396,1,*
chr19,52798518,52798518,1,*
chr19,52818006,52818006,1,*
chr19,53065998,53065998,1,*
chr19,53067614,53067614,1,*
chr19,53139647,53139647,1,*
chr19,53408533,53408533,1,*
chr19,53410127,53410127,1,*
chr19,53441906,53441906,1,*
chr19,53442182,53442182,1,*
chr19,55239870,55239870,1,*
chr19,55242168,55242168,1,*
chr19,55245624,55245624,1,*
chr19,55388764,55388764,1,*
chr19,55389353,55389353,1,*
chr19,55389818,55389818,1,*
chr19,55389821,55389821,1,*
chr19,55390814,55390814,1,*
chr19,55390889,55390889,1,*
chr19,56087463,56087463,1,*
chr19,56160467,56160467,1,*
chr19,56377085,56377085,1,*
chr19,56525284,56525284,1,*
chr19,57357966,57357966,1,*
chr19,57394191,57394191,1,*
chr19,57620255,57620255,1,*
chr19,57621875,57621875,1,*
chr19,58213014,58213014,1,*
chr19,58582769,58582769,1,*
chr19,6368774,6368774,1,*
chr19,6374879,6374879,1,*
chr19,7113433,7113433,1,*
chr19,7141764,7141764,1,*
chr19,7962870,7962870,1,*
chr19,8302274,8302274,1,*
chr19,8302825,8302825,1,*
chr19,8303874,8303874,1,*
chr19,8303910,8303910,1,*
chr19,9162139,9162139,1,*
chr19,9162424,9162424,1,*
chr19,9293703,9293703,1,*
chr19,9294082,9294082,1,*
chr19,9294108,9294108,1,*
chr19,9294238,9294238,1,*
chr19,9297982,9297982,1,*
chr19,9342192,9342192,1,*
chr19,9342203,9342203,1,*
chr19,9527108,9527108,1,*
chr1,100023572,100023572,1,*
chr1,100468020,100468020,1,*
chr1,100484304,100484304,1,*
chr1,100977839,100977839,1,*
chr1,100980265,100980265,1,*
chr1,10307366,10307366,1,*
chr1,10307533,10307533,1,*
chr1,103555063,103555063,1,*
chr1,103573791,103573791,1,*
chr1,10377720,10377720,1,*
chr1,108933651,108933651,1,*
chr1,109548660,109548660,1,*
chr1,109736980,109736980,1,*
chr1,111724183,111724183,1,*
chr1,112525955,112525955,1,*
chr1,112555912,112555912,1,*
chr1,112703884,112703884,1,*
chr1,113132027,113132027,1,*
chr1,113901277,113901277,1,*
chr1,113973708,113973708,1,*
chr1,115691596,115691596,1,*
chr1,115691679,115691679,1,*
chr1,115692073,115692073,1,*
chr1,115694796,115694796,1,*
chr1,116062802,116062802,1,*
chr1,117075402,117075402,1,*
chr1,117528667,117528667,1,*
chr1,11787379,11787379,1,*
chr1,11787715,11787715,1,*
chr1,11787845,11787845,1,*
chr1,11788915,11788915,1,*
chr1,11796321,11796321,1,*
chr1,11803000,11803000,1,*
chr1,11840768,11840768,1,*
chr1,118983805,118983805,1,*
chr1,119180774,119180774,1,*
chr1,11949854,11949854,1,*
chr1,119937960,119937960,1,*
chr1,1217221,1217221,1,*
chr1,13823620,13823620,1,*
chr1,147159337,147159337,1,*
chr1,147943471,147943471,1,*
chr1,149904818,149904818,1,*
chr1,149935098,149935098,1,*
chr1,149936825,149936825,1,*
chr1,149942458,149942458,1,*
chr1,150268830,150268830,1,*
chr1,150364813,150364813,1,*
chr1,150476190,150476190,1,*
chr1,151117409,151117409,1,*
chr1,151540419,151540419,1,*
chr1,151695242,151695242,1,*
chr1,151696688,151696688,1,*
chr1,151842538,151842538,1,*
chr1,153565563,153565563,1,*
chr1,153747169,153747169,1,*
chr1,154467586,154467586,1,*
chr1,154549108,154549108,1,*
chr1,156036539,156036539,1,*
chr1,156210558,156210558,1,*
chr1,156211216,156211216,1,*
chr1,156211739,156211739,1,*
chr1,156601451,156601451,1,*
chr1,156937323,156937323,1,*
chr1,157125678,157125678,1,*
chr1,159018480,159018480,1,*
chr1,160026019,160026019,1,*
chr1,160027214,160027214,1,*
chr1,160027419,160027419,1,*
chr1,160027573,160027573,1,*
chr1,160028650,160028650,1,*
chr1,160091624,160091624,1,*
chr1,161212418,161212418,1,*
chr1,161368971,161368971,1,*
chr1,161961083,161961083,1,*
chr1,161961259,161961259,1,*
chr1,161961712,161961712,1,*
chr1,161962358,161962358,1,*
chr1,161963534,161963534,1,*
chr1,163147088,163147088,1,*
chr1,168044966,168044966,1,*
chr1,169131822,169131822,1,*
chr1,169376630,169376630,1,*
chr1,169793666,169793666,1,*
chr1,169830739,169830739,1,*
chr1,169853402,169853402,1,*
chr1,169854649,169854649,1,*
chr1,169854963,169854963,1,*
chr1,170552235,170552235,1,*
chr1,171334551,171334551,1,*
chr1,171701097,171701097,1,*
chr1,173785367,173785367,1,*
chr1,173823968,173823968,1,*
chr1,173934162,173934162,1,*
chr1,173934599,173934599,1,*
chr1,173934816,173934816,1,*
chr1,174250586,174250586,1,*
chr1,175014071,175014071,1,*
chr1,175157177,175157177,1,*
chr1,17587562,17587562,1,*
chr1,17587627,17587627,1,*
chr1,17626036,17626036,1,*
chr1,178473751,178473751,1,*
chr1,178474911,178474911,1,*
chr1,178475615,178475615,1,*
chr1,178475830,178475830,1,*
chr1,178476680,178476680,1,*
chr1,178478296,178478296,1,*
chr1,1787203,1787203,1,*
chr1,179074804,179074804,1,*
chr1,179075588,179075588,1,*
chr1,179101902,179101902,1,*
chr1,179350406,179350406,1,*
chr1,179355418,179355418,1,*
chr1,179355735,179355735,1,*
chr1,179356328,179356328,1,*
chr1,179844429,179844429,1,*
chr1,179862828,179862828,1,*
chr1,180041776,180041776,1,*
chr1,180113134,180113134,1,*
chr1,180825338,180825338,1,*
chr1,180889323,180889323,1,*
chr1,184621844,184621844,1,*
chr1,184625942,184625942,1,*
chr1,184795547,184795547,1,*
chr1,184795690,184795690,1,*
chr1,185291283,185291283,1,*
chr1,185305066,185305066,1,*
chr1,19144894,19144894,1,*
chr1,19307026,19307026,1,*
chr1,196651923,196651923,1,*
chr1,196741787,196741787,1,*
chr1,196747491,196747491,1,*
chr1,200666422,200666422,1,*
chr1,201514970,201514970,1,*
chr1,201514986,201514986,1,*
chr1,201515100,201515100,1,*
chr1,201824094,201824094,1,*
chr1,205087397,205087397,1,*
chr1,206470630,206470630,1,*
chr1,206491719,206491719,1,*
chr1,206496132,206496132,1,*
chr1,20650042,20650042,1,*
chr1,20651644,20651644,1,*
chr1,207046111,207046111,1,*
chr1,207047751,207047751,1,*
chr1,207063179,207063179,1,*
chr1,21218108,21218108,1,*
chr1,21219821,21219821,1,*
chr1,21219863,21219863,1,*
chr1,212993782,212993782,1,*
chr1,212994195,212994195,1,*
chr1,213273277,213273277,1,*
chr1,21836909,21836909,1,*
chr1,21842308,21842308,1,*
chr1,222589873,222589873,1,*
chr1,222823933,222823933,1,*
chr1,222837100,222837100,1,*
chr1,223802264,223802264,1,*
chr1,224158091,224158091,1,*
chr1,224161345,224161345,1,*
chr1,224377268,224377268,1,*
chr1,224377589,224377589,1,*
chr1,224377787,224377787,1,*
chr1,224378183,224378183,1,*
chr1,224388172,224388172,1,*
chr1,22526411,22526411,1,*
chr1,227732402,227732402,1,*
chr1,227732485,227732485,1,*
chr1,227732656,227732656,1,*
chr1,227748061,227748061,1,*
chr1,227766976,227766976,1,*
chr1,228147424,228147424,1,*
chr1,228487869,228487869,1,*
chr1,229322709,229322709,1,*
chr1,229518306,229518306,1,*
chr1,230279402,230279402,1,*
chr1,230280064,230280064,1,*
chr1,230280100,230280100,1,*
chr1,230280573,230280573,1,*
chr1,230675010,230675010,1,*
chr1,230906986,230906986,1,*
chr1,231241060,231241060,1,*
chr1,231563728,231563728,1,*
chr1,232978889,232978889,1,*
chr1,23360305,23360305,1,*
chr1,23437445,23437445,1,*
chr1,235448904,235448904,1,*
chr1,235489208,235489208,1,*
chr1,235976517,235976517,1,*
chr1,236215817,236215817,1,*
chr1,236542978,236542978,1,*
chr1,236543000,236543000,1,*
chr1,236543205,236543205,1,*
chr1,236548318,236548318,1,*
chr1,236549987,236549987,1,*
chr1,236559808,236559808,1,*
chr1,236885200,236885200,1,*
chr1,236897072,236897072,1,*
chr1,2395636,2395636,1,*
chr1,23967872,23967872,1,*
chr1,23968137,23968137,1,*
chr1,24383915,24383915,1,*
chr1,244842411,244842411,1,*
chr1,244843137,244843137,1,*
chr1,24643291,24643291,1,*
chr1,24647552,24647552,1,*
chr1,246666715,246666715,1,*
chr1,246767628,246767628,1,*
chr1,247038289,247038289,1,*
chr1,247200761,247200761,1,*
chr1,248849447,248849447,1,*
chr1,25246493,25246493,1,*
chr1,25360817,25360817,1,*
chr1,25862371,25862371,1,*
chr1,25960349,25960349,1,*
chr1,26121956,26121956,1,*
chr1,26122358,26122358,1,*
chr1,26122836,26122836,1,*
chr1,26123518,26123518,1,*
chr1,26781754,26781754,1,*
chr1,26798054,26798054,1,*
chr1,26854576,26854576,1,*
chr1,26877237,26877237,1,*
chr1,27823413,27823413,1,*
chr1,28281379,28281379,1,*
chr1,28282210,28282210,1,*
chr1,28497374,28497374,1,*
chr1,32173070,32173070,1,*
chr1,32621451,32621451,1,*
chr1,32683568,32683568,1,*
chr1,32826588,32826588,1,*
chr1,33479392,33479392,1,*
chr1,34987385,34987385,1,*
chr1,35184369,35184369,1,*
chr1,35566259,35566259,1,*
chr1,35566341,35566341,1,*
chr1,36341880,36341880,1,*
chr1,37536650,37536650,1,*
chr1,3781136,3781136,1,*
chr1,40236898,40236898,1,*
chr1,40239727,40239727,1,*
chr1,42830447,42830447,1,*
chr1,43956695,43956695,1,*
chr1,43972724,43972724,1,*
chr1,44815823,44815823,1,*
chr1,45003489,45003489,1,*
chr1,45003914,45003914,1,*
chr1,45009606,45009606,1,*
chr1,45017685,45017685,1,*
chr1,46035321,46035321,1,*
chr1,46224618,46224618,1,*
chr1,46362438,46362438,1,*
chr1,46634487,46634487,1,*
chr1,47368537,47368537,1,*
chr1,53766159,53766159,1,*
chr1,53767838,53767838,1,*
chr1,53851812,53851812,1,*
chr1,54731647,54731647,1,*
chr1,54741865,54741865,1,*
chr1,54742245,54742245,1,*
chr1,58655494,58655494,1,*
chr1,58655671,58655671,1,*
chr1,58656096,58656096,1,*
chr1,58656617,58656617,1,*
chr1,58660011,58660011,1,*
chr1,58782321,58782321,1,*
chr1,61914615,61914615,1,*
chr1,62114235,62114235,1,*
chr1,62116540,62116540,1,*
chr1,6222619,6222619,1,*
chr1,6222858,6222858,1,*
chr1,63534155,63534155,1,*
chr1,63534197,63534197,1,*
chr1,63555425,63555425,1,*
chr1,6523985,6523985,1,*
chr1,65394977,65394977,1,*
chr1,65434674,65434674,1,*
chr1,65610269,65610269,1,*
chr1,67001490,67001490,1,*
chr1,70223532,70223532,1,*
chr1,70224077,70224077,1,*
chr1,70224339,70224339,1,*
chr1,70226216,70226216,1,*
chr1,70228048,70228048,1,*
chr1,72282401,72282401,1,*
chr1,74738763,74738763,1,*
chr1,768562,768562,1,*
chr1,77090052,77090052,1,*
chr1,7771966,7771966,1,*
chr1,7820623,7820623,1,*
chr1,7961747,7961747,1,*
chr1,81991246,81991246,1,*
chr1,84554954,84554954,1,*
chr1,84554966,84554966,1,*
chr1,85252982,85252982,1,*
chr1,85320483,85320483,1,*
chr1,85708260,85708260,1,*
chr1,86746257,86746257,1,*
chr1,88833972,88833972,1,*
chr1,89007079,89007079,1,*
chr1,89123096,89123096,1,*
chr1,90915548,90915548,1,*
chr1,9101790,9101790,1,*
chr1,91861569,91861569,1,*
chr1,9264942,9264942,1,*
chr1,9367737,9367737,1,*
chr1,93886825,93886825,1,*
chr1,96806900,96806900,1,*
chr1,9929092,9929092,1,*
chr20,10405411,10405411,1,*
chr20,1167131,1167131,1,*
chr20,11923006,11923006,1,*
chr20,11925165,11925165,1,*
chr20,16371756,16371756,1,*
chr20,17621926,17621926,1,*
chr20,18142378,18142378,1,*
chr20,18315086,18315086,1,*
chr20,18315432,18315432,1,*
chr20,18316549,18316549,1,*
chr20,19956668,19956668,1,*
chr20,20391590,20391590,1,*
chr20,2146963,2146963,1,*
chr20,2147038,2147038,1,*
chr20,23370153,23370153,1,*
chr20,23370696,23370696,1,*
chr20,2508885,2508885,1,*
chr20,25614720,25614720,1,*
chr20,25614841,25614841,1,*
chr20,25615193,25615193,1,*
chr20,25686101,25686101,1,*
chr20,25687432,25687432,1,*
chr20,25688416,25688416,1,*
chr20,32187387,32187387,1,*
chr20,32188902,32188902,1,*
chr20,32444477,32444477,1,*
chr20,32444483,32444483,1,*
chr20,3250811,3250811,1,*
chr20,3251213,3251213,1,*
chr20,3252445,3252445,1,*
chr20,3252496,3252496,1,*
chr20,3304479,3304479,1,*
chr20,34855120,34855120,1,*
chr20,35263050,35263050,1,*
chr20,35626251,35626251,1,*
chr20,35628354,35628354,1,*
chr20,35628418,35628418,1,*
chr20,35632833,35632833,1,*
chr20,35669429,35669429,1,*
chr20,36050329,36050329,1,*
chr20,36194249,36194249,1,*
chr20,36229623,36229623,1,*
chr20,36256423,36256423,1,*
chr20,3648462,3648462,1,*
chr20,36593246,36593246,1,*
chr20,36652027,36652027,1,*
chr20,36794533,36794533,1,*
chr20,38129644,38129644,1,*
chr20,38129768,38129768,1,*
chr20,38213512,38213512,1,*
chr20,38222538,38222538,1,*
chr20,38222586,38222586,1,*
chr20,38228214,38228214,1,*
chr20,38240994,38240994,1,*
chr20,38241367,38241367,1,*
chr20,3864282,3864282,1,*
chr20,3866495,3866495,1,*
chr20,41357900,41357900,1,*
chr20,41360018,41360018,1,*
chr20,41360436,41360436,1,*
chr20,41403669,41403669,1,*
chr20,41405457,41405457,1,*
chr20,41415273,41415273,1,*
chr20,44208717,44208717,1,*
chr20,44490596,44490596,1,*
chr20,44493359,44493359,1,*
chr20,44906460,44906460,1,*
chr20,45840743,45840743,1,*
chr20,45842587,45842587,1,*
chr20,45843840,45843840,1,*
chr20,45844638,45844638,1,*
chr20,45846171,45846171,1,*
chr20,45846334,45846334,1,*
chr20,45846724,45846724,1,*
chr20,45848889,45848889,1,*
chr20,45883999,45883999,1,*
chr20,46361427,46361427,1,*
chr20,46687147,46687147,1,*
chr20,48629589,48629589,1,*
chr20,48632578,48632578,1,*
chr20,48632632,48632632,1,*
chr20,48734558,48734558,1,*
chr20,49849629,49849629,1,*
chr20,49889826,49889826,1,*
chr20,49984020,49984020,1,*
chr20,49984094,49984094,1,*
chr20,50124008,50124008,1,*
chr20,50578524,50578524,1,*
chr20,50892146,50892146,1,*
chr20,51597183,51597183,1,*
chr20,52153010,52153010,1,*
chr20,52186905,52186905,1,*
chr20,56366212,56366212,1,*
chr20,57351275,57351275,1,*
chr20,57649677,57649677,1,*
chr20,57649989,57649989,1,*
chr20,57650563,57650563,1,*
chr20,57650706,57650706,1,*
chr20,58448755,58448755,1,*
chr20,58893423,58893423,1,*
chr20,58895462,58895462,1,*
chr20,62180077,62180077,1,*
chr20,62180593,62180593,1,*
chr20,62180833,62180833,1,*
chr20,62180970,62180970,1,*
chr20,62389573,62389573,1,*
chr20,63673960,63673960,1,*
chr20,63932295,63932295,1,*
chr20,63932871,63932871,1,*
chr20,63933010,63933010,1,*
chr20,63934169,63934169,1,*
chr20,63934269,63934269,1,*
chr20,63934279,63934279,1,*
chr20,63935638,63935638,1,*
chr20,64274498,64274498,1,*
chr20,648098,648098,1,*
chr21,17791398,17791398,1,*
chr21,25603910,25603910,1,*
chr21,25603925,25603925,1,*
chr21,25714988,25714988,1,*
chr21,28945812,28945812,1,*
chr21,28966798,28966798,1,*
chr21,28966912,28966912,1,*
chr21,32314237,32314237,1,*
chr21,33241945,33241945,1,*
chr21,33296492,33296492,1,*
chr21,33357617,33357617,1,*
chr21,36369631,36369631,1,*
chr21,39195426,39195426,1,*
chr21,39347945,39347945,1,*
chr21,41799876,41799876,1,*
chr21,41899071,41899071,1,*
chr21,41899105,41899105,1,*
chr21,43031887,43031887,1,*
chr21,43693743,43693743,1,*
chr21,43694704,43694704,1,*
chr21,43773261,43773261,1,*
chr21,43983351,43983351,1,*
chr21,43983665,43983665,1,*
chr21,44082963,44082963,1,*
chr21,44865159,44865159,1,*
chr21,44867790,44867790,1,*
chr21,44868660,44868660,1,*
chr21,46132189,46132189,1,*
chr21,46256923,46256923,1,*
chr21,46256926,46256926,1,*
chr21,46568071,46568071,1,*
chr21,46568287,46568287,1,*
chr21,46659766,46659766,1,*
chr22,17111995,17111995,1,*
chr22,17112134,17112134,1,*
chr22,17822055,17822055,1,*
chr22,17822125,17822125,1,*
chr22,18091146,18091146,1,*
chr22,19849182,19849182,1,*
chr22,19849223,19849223,1,*
chr22,19962745,19962745,1,*
chr22,20112635,20112635,1,*
chr22,20585113,20585113,1,*
chr22,20997831,20997831,1,*
chr22,21684910,21684910,1,*
chr22,21697294,21697294,1,*
chr22,23315687,23315687,1,*
chr22,23315688,23315688,1,*
chr22,23315783,23315783,1,*
chr22,23315793,23315793,1,*
chr22,23743060,23743060,1,*
chr22,23745132,23745132,1,*
chr22,24072436,24072436,1,*
chr22,25174306,25174306,1,*
chr22,25193575,25193575,1,*
chr22,25195233,25195233,1,*
chr22,25195309,25195309,1,*
chr22,26466075,26466075,1,*
chr22,26492094,26492094,1,*
chr22,26526262,26526262,1,*
chr22,28796682,28796682,1,*
chr22,29145709,29145709,1,*
chr22,29696010,29696010,1,*
chr22,29697037,29697037,1,*
chr22,30294009,30294009,1,*
chr22,30304618,30304618,1,*
chr22,30337122,30337122,1,*
chr22,31103698,31103698,1,*
chr22,31648180,31648180,1,*
chr22,33274220,33274220,1,*
chr22,33274598,33274598,1,*
chr22,35387624,35387624,1,*
chr22,35419887,35419887,1,*
chr22,35659083,35659083,1,*
chr22,35667974,35667974,1,*
chr22,36226776,36226776,1,*
chr22,36265860,36265860,1,*
chr22,37018427,37018427,1,*
chr22,37632449,37632449,1,*
chr22,37774039,37774039,1,*
chr22,38673505,38673505,1,*
chr22,38732983,38732983,1,*
chr22,39081561,39081561,1,*
chr22,40326741,40326741,1,*
chr22,40333610,40333610,1,*
chr22,40926902,40926902,1,*
chr22,40929801,40929801,1,*
chr22,40930797,40930797,1,*
chr22,41689082,41689082,1,*
chr22,41694167,41694167,1,*
chr22,41695009,41695009,1,*
chr22,41696767,41696767,1,*
chr22,41825710,41825710,1,*
chr22,41825918,41825918,1,*
chr22,41830947,41830947,1,*
chr22,41830962,41830962,1,*
chr22,41906329,41906329,1,*
chr22,42214093,42214093,1,*
chr22,42516091,42516091,1,*
chr22,42834260,42834260,1,*
chr22,42857198,42857198,1,*
chr22,42879251,42879251,1,*
chr22,42879642,42879642,1,*
chr22,42880024,42880024,1,*
chr22,42881950,42881950,1,*
chr22,42912057,42912057,1,*
chr22,42912106,42912106,1,*
chr22,43015034,43015034,1,*
chr22,45193609,45193609,1,*
chr22,45195711,45195711,1,*
chr22,45196699,45196699,1,*
chr22,46236692,46236692,1,*
chr22,46237097,46237097,1,*
chr22,46239702,46239702,1,*
chr22,46241079,46241079,1,*
chr22,46242231,46242231,1,*
chr22,46242262,46242262,1,*
chr22,46242274,46242274,1,*
chr22,46242314,46242314,1,*
chr22,46242319,46242319,1,*
chr22,46242415,46242415,1,*
chr22,46242589,46242589,1,*
chr22,46242643,46242643,1,*
chr22,46287079,46287079,1,*
chr22,46293571,46293571,1,*
chr22,46409110,46409110,1,*
chr22,46712292,46712292,1,*
chr22,49823106,49823106,1,*
chr22,49887040,49887040,1,*
chr22,49904240,49904240,1,*
chr22,50275067,50275067,1,*
chr22,50280512,50280512,1,*
chr22,50523107,50523107,1,*
chr2,100393025,100393025,1,*
chr2,100393026,100393026,1,*
chr2,10053051,10053051,1,*
chr2,101004304,101004304,1,*
chr2,10445176,10445176,1,*
chr2,105265090,105265090,1,*
chr2,105265604,105265604,1,*
chr2,105298671,105298671,1,*
chr2,105337683,105337683,1,*
chr2,10589131,10589131,1,*
chr2,109618442,109618442,1,*
chr2,112188355,112188355,1,*
chr2,112216347,112216347,1,*
chr2,112588903,112588903,1,*
chr2,112656807,112656807,1,*
chr2,113707200,113707200,1,*
chr2,113711748,113711748,1,*
chr2,113713793,113713793,1,*
chr2,113713794,113713794,1,*
chr2,113959343,113959343,1,*
chr2,119247736,119247736,1,*
chr2,120217841,120217841,1,*
chr2,120278757,120278757,1,*
chr2,121338064,121338064,1,*
chr2,128000421,128000421,1,*
chr2,130345906,130345906,1,*
chr2,130347416,130347416,1,*
chr2,130374546,130374546,1,*
chr2,135169858,135169858,1,*
chr2,135170159,135170159,1,*
chr2,135866585,135866585,1,*
chr2,138016182,138016182,1,*
chr2,151250139,151250139,1,*
chr2,151465104,151465104,1,*
chr2,151476604,151476604,1,*
chr2,15402228,15402228,1,*
chr2,157284294,157284294,1,*
chr2,158533250,158533250,1,*
chr2,159219798,159219798,1,*
chr2,159229957,159229957,1,*
chr2,159275578,159275578,1,*
chr2,159438331,159438331,1,*
chr2,159748425,159748425,1,*
chr2,159765413,159765413,1,*
chr2,159767079,159767079,1,*
chr2,159770903,159770903,1,*
chr2,159842315,159842315,1,*
chr2,1632263,1632263,1,*
chr2,164684798,164684798,1,*
chr2,168770761,168770761,1,*
chr2,169555188,169555188,1,*
chr2,169560521,169560521,1,*
chr2,169640669,169640669,1,*
chr2,169641024,169641024,1,*
chr2,170082054,170082054,1,*
chr2,174428111,174428111,1,*
chr2,174428160,174428160,1,*
chr2,175073839,175073839,1,*
chr2,175181439,175181439,1,*
chr2,175181680,175181680,1,*
chr2,175925088,175925088,1,*
chr2,175925454,175925454,1,*
chr2,175926601,175926601,1,*
chr2,175927388,175927388,1,*
chr2,175927602,175927602,1,*
chr2,175927629,175927629,1,*
chr2,175928077,175928077,1,*
chr2,175928201,175928201,1,*
chr2,177614933,177614933,1,*
chr2,177617541,177617541,1,*
chr2,177617832,177617832,1,*
chr2,177617970,177617970,1,*
chr2,179105310,179105310,1,*
chr2,179106583,179106583,1,*
chr2,179106876,179106876,1,*
chr2,188595346,188595346,1,*
chr2,189752974,189752974,1,*
chr2,189771288,189771288,1,*
chr2,191387352,191387352,1,*
chr2,196836980,196836980,1,*
chr2,199948403,199948403,1,*
chr2,200871389,200871389,1,*
chr2,201286693,201286693,1,*
chr2,201287058,201287058,1,*
chr2,201379735,201379735,1,*
chr2,201701688,201701688,1,*
chr2,201733390,201733390,1,*
chr2,201761714,201761714,1,*
chr2,202983679,202983679,1,*
chr2,203223799,203223799,1,*
chr2,203289829,203289829,1,*
chr2,203437673,203437673,1,*
chr2,207823161,207823161,1,*
chr2,207823595,207823595,1,*
chr2,207823718,207823718,1,*
chr2,207823806,207823806,1,*
chr2,207823924,207823924,1,*
chr2,210040470,210040470,1,*
chr2,210476631,210476631,1,*
chr2,215367000,215367000,1,*
chr2,216205653,216205653,1,*
chr2,217818416,217818416,1,*
chr2,218658716,218658716,1,*
chr2,218660549,218660549,1,*
chr2,218663143,218663143,1,*
chr2,218692291,218692291,1,*
chr2,218697954,218697954,1,*
chr2,218699235,218699235,1,*
chr2,218702320,218702320,1,*
chr2,219158323,219158323,1,*
chr2,219222719,219222719,1,*
chr2,219236065,219236065,1,*
chr2,223876683,223876683,1,*
chr2,223876925,223876925,1,*
chr2,223901239,223901239,1,*
chr2,227555678,227555678,1,*
chr2,227556856,227556856,1,*
chr2,227558394,227558394,1,*
chr2,227558677,227558677,1,*
chr2,227559692,227559692,1,*
chr2,227685584,227685584,1,*
chr2,227685657,227685657,1,*
chr2,227685713,227685713,1,*
chr2,227686307,227686307,1,*
chr2,229765975,229765975,1,*
chr2,229766797,229766797,1,*
chr2,230172144,230172144,1,*
chr2,230403370,230403370,1,*
chr2,230403448,230403448,1,*
chr2,230541355,230541355,1,*
chr2,231163682,231163682,1,*
chr2,232860073,232860073,1,*
chr2,233462705,233462705,1,*
chr2,233476465,233476465,1,*
chr2,236392034,236392034,1,*
chr2,236507415,236507415,1,*
chr2,238246303,238246303,1,*
chr2,238397627,238397627,1,*
chr2,238399639,238399639,1,*
chr2,238435771,238435771,1,*
chr2,238444360,238444360,1,*
chr2,238446572,238446572,1,*
chr2,238447385,238447385,1,*
chr2,238448724,238448724,1,*
chr2,238448817,238448817,1,*
chr2,238451192,238451192,1,*
chr2,238451456,238451456,1,*
chr2,238451480,238451480,1,*
chr2,238451513,238451513,1,*
chr2,239051758,239051758,1,*
chr2,24000216,24000216,1,*
chr2,240012890,240012890,1,*
chr2,240013509,240013509,1,*
chr2,24002797,24002797,1,*
chr2,24003031,24003031,1,*
chr2,24004037,24004037,1,*
chr2,240466191,240466191,1,*
chr2,240467308,240467308,1,*
chr2,240467698,240467698,1,*
chr2,241082327,241082327,1,*
chr2,241431686,241431686,1,*
chr2,241670757,241670757,1,*
chr2,24768700,24768700,1,*
chr2,25246633,25246633,1,*
chr2,26393756,26393756,1,*
chr2,27599587,27599587,1,*
chr2,29143780,29143780,1,*
chr2,29160390,29160390,1,*
chr2,3544739,3544739,1,*
chr2,37092013,37092013,1,*
chr2,37097245,37097245,1,*
chr2,37098085,37098085,1,*
chr2,37102638,37102638,1,*
chr2,37106519,37106519,1,*
chr2,37248833,37248833,1,*
chr2,37249015,37249015,1,*
chr2,37252289,37252289,1,*
chr2,37642351,37642351,1,*
chr2,37643065,37643065,1,*
chr2,46382490,46382490,1,*
chr2,46541420,46541420,1,*
chr2,46576873,46576873,1,*
chr2,46578068,46578068,1,*
chr2,46905390,46905390,1,*
chr2,46950478,46950478,1,*
chr2,48599465,48599465,1,*
chr2,53670388,53670388,1,*
chr2,53908799,53908799,1,*
chr2,55289366,55289366,1,*
chr2,55289986,55289986,1,*
chr2,58163412,58163412,1,*
chr2,64093799,64093799,1,*
chr2,64459737,64459737,1,*
chr2,64552375,64552375,1,*
chr2,65023407,65023407,1,*
chr2,65023543,65023543,1,*
chr2,67403344,67403344,1,*
chr2,70085921,70085921,1,*
chr2,70086371,70086371,1,*
chr2,70150521,70150521,1,*
chr2,70300960,70300960,1,*
chr2,7041347,7041347,1,*
chr2,7042686,7042686,1,*
chr2,70450862,70450862,1,*
chr2,71069927,71069927,1,*
chr2,71071208,71071208,1,*
chr2,73226962,73226962,1,*
chr2,75655628,75655628,1,*
chr2,75655907,75655907,1,*
chr2,75656215,75656215,1,*
chr2,75657873,75657873,1,*
chr2,75658379,75658379,1,*
chr2,75658897,75658897,1,*
chr2,75660353,75660353,1,*
chr2,85546518,85546518,1,*
chr2,85606203,85606203,1,*
chr2,86027145,86027145,1,*
chr2,86045635,86045635,1,*
chr2,86117114,86117114,1,*
chr2,86179433,86179433,1,*
chr2,8683033,8683033,1,*
chr2,96835063,96835063,1,*
chr2,99438696,99438696,1,*
chr3,10017980,10017980,1,*
chr3,101564948,101564948,1,*
chr3,10270255,10270255,1,*
chr3,10270823,10270823,1,*
chr3,10279833,10279833,1,*
chr3,10280837,10280837,1,*
chr3,108044193,108044193,1,*
chr3,108052246,108052246,1,*
chr3,108616657,108616657,1,*
chr3,108687982,108687982,1,*
chr3,111194983,111194983,1,*
chr3,111974832,111974832,1,*
chr3,111974938,111974938,1,*
chr3,111993247,111993247,1,*
chr3,112570658,112570658,1,*
chr3,112603684,112603684,1,*
chr3,11262889,11262889,1,*
chr3,113003479,113003479,1,*
chr3,113005814,113005814,1,*
chr3,113008352,113008352,1,*
chr3,113503207,113503207,1,*
chr3,113656230,113656230,1,*
chr3,114086012,114086012,1,*
chr3,119415544,119415544,1,*
chr3,119417420,119417420,1,*
chr3,119417440,119417440,1,*
chr3,119492519,119492519,1,*
chr3,119493570,119493570,1,*
chr3,119493693,119493693,1,*
chr3,119494151,119494151,1,*
chr3,119500404,119500404,1,*
chr3,119737415,119737415,1,*
chr3,119823277,119823277,1,*
chr3,119823343,119823343,1,*
chr3,120329768,120329768,1,*
chr3,120330270,120330270,1,*
chr3,122423600,122423600,1,*
chr3,122514800,122514800,1,*
chr3,122729704,122729704,1,*
chr3,122740630,122740630,1,*
chr3,122888294,122888294,1,*
chr3,123949421,123949421,1,*
chr3,125594988,125594988,1,*
chr3,12586041,12586041,1,*
chr3,12587421,12587421,1,*
chr3,126437899,126437899,1,*
chr3,126451850,126451850,1,*
chr3,126455143,126455143,1,*
chr3,127007862,127007862,1,*
chr3,128066708,128066708,1,*
chr3,128620115,128620115,1,*
chr3,129390092,129390092,1,*
chr3,129556363,129556363,1,*
chr3,129567570,129567570,1,*
chr3,131385172,131385172,1,*
chr3,131385828,131385828,1,*
chr3,131386227,131386227,1,*
chr3,131387187,131387187,1,*
chr3,132626804,132626804,1,*
chr3,132682756,132682756,1,*
chr3,133588756,133588756,1,*
chr3,133643310,133643310,1,*
chr3,133652627,133652627,1,*
chr3,134507127,134507127,1,*
chr3,136001831,136001831,1,*
chr3,136146082,136146082,1,*
chr3,136146851,136146851,1,*
chr3,138402850,138402850,1,*
chr3,138403939,138403939,1,*
chr3,138500152,138500152,1,*
chr3,138629115,138629115,1,*
chr3,140968320,140968320,1,*
chr3,143059513,143059513,1,*
chr3,14671799,14671799,1,*
chr3,149167279,149167279,1,*
chr3,149181783,149181783,1,*
chr3,149185163,149185163,1,*
chr3,14946553,14946553,1,*
chr3,149739208,149739208,1,*
chr3,15251635,15251635,1,*
chr3,15252627,15252627,1,*
chr3,15253276,15253276,1,*
chr3,15255097,15255097,1,*
chr3,155939426,155939426,1,*
chr3,155941886,155941886,1,*
chr3,15797254,15797254,1,*
chr3,160434205,160434205,1,*
chr3,161086379,161086379,1,*
chr3,161238760,161238760,1,*
chr3,16258827,16258827,1,*
chr3,170088382,170088382,1,*
chr3,170090566,170090566,1,*
chr3,170091521,170091521,1,*
chr3,170358783,170358783,1,*
chr3,171063141,171063141,1,*
chr3,171063490,171063490,1,*
chr3,171084312,171084312,1,*
chr3,171125993,171125993,1,*
chr3,171228213,171228213,1,*
chr3,179021305,179021305,1,*
chr3,179327572,179327572,1,*
chr3,179334407,179334407,1,*
chr3,179392605,179392605,1,*
chr3,179393702,179393702,1,*
chr3,179394073,179394073,1,*
chr3,179396996,179396996,1,*
chr3,179397612,179397612,1,*
chr3,179399804,179399804,1,*
chr3,179399858,179399858,1,*
chr3,179400115,179400115,1,*
chr3,179400239,179400239,1,*
chr3,179426233,179426233,1,*
chr3,179788933,179788933,1,*
chr3,180615203,180615203,1,*
chr3,180615934,180615934,1,*
chr3,182914896,182914896,1,*
chr3,182915264,182915264,1,*
chr3,182920052,182920052,1,*
chr3,183452155,183452155,1,*
chr3,183452348,183452348,1,*
chr3,183452354,183452354,1,*
chr3,183797966,183797966,1,*
chr3,184191194,184191194,1,*
chr3,184245212,184245212,1,*
chr3,185048513,185048513,1,*
chr3,185928353,185928353,1,*
chr3,186558463,186558463,1,*
chr3,186784876,186784876,1,*
chr3,186789968,186789968,1,*
chr3,187076722,187076722,1,*
chr3,187077460,187077460,1,*
chr3,187724028,187724028,1,*
chr3,187724739,187724739,1,*
chr3,188609167,188609167,1,*
chr3,188880329,188880329,1,*
chr3,194588226,194588226,1,*
chr3,194588227,194588227,1,*
chr3,196503291,196503291,1,*
chr3,196567230,196567230,1,*
chr3,196586080,196586080,1,*
chr3,197044424,197044424,1,*
chr3,197621716,197621716,1,*
chr3,197621767,197621767,1,*
chr3,197672531,197672531,1,*
chr3,197673421,197673421,1,*
chr3,197700835,197700835,1,*
chr3,197884603,197884603,1,*
chr3,197885696,197885696,1,*
chr3,197887070,197887070,1,*
chr3,197985888,197985888,1,*
chr3,198040424,198040424,1,*
chr3,198040501,198040501,1,*
chr3,198043178,198043178,1,*
chr3,21413645,21413645,1,*
chr3,21415143,21415143,1,*
chr3,21417424,21417424,1,*
chr3,33827396,33827396,1,*
chr3,37983184,37983184,1,*
chr3,38006189,38006189,1,*
chr3,38011313,38011313,1,*
chr3,38126634,38126634,1,*
chr3,40532253,40532253,1,*
chr3,42623786,42623786,1,*
chr3,42628856,42628856,1,*
chr3,43549835,43549835,1,*
chr3,43718570,43718570,1,*
chr3,44753389,44753389,1,*
chr3,45677781,45677781,1,*
chr3,45679619,45679619,1,*
chr3,45744474,45744474,1,*
chr3,45828480,45828480,1,*
chr3,45968128,45968128,1,*
chr3,47916506,47916506,1,*
chr3,4846868,4846868,1,*
chr3,48518798,48518798,1,*
chr3,48694054,48694054,1,*
chr3,49116893,49116893,1,*
chr3,50274045,50274045,1,*
chr3,50274469,50274469,1,*
chr3,50302191,50302191,1,*
chr3,50350952,50350952,1,*
chr3,53859813,53859813,1,*
chr3,53859967,53859967,1,*
chr3,53866802,53866802,1,*
chr3,53867584,53867584,1,*
chr3,53867652,53867652,1,*
chr3,53867767,53867767,1,*
chr3,53884743,53884743,1,*
chr3,56615254,56615254,1,*
chr3,56619396,56619396,1,*
chr3,56619399,56619399,1,*
chr3,56622133,56622133,1,*
chr3,56729200,56729200,1,*
chr3,56729497,56729497,1,*
chr3,56729591,56729591,1,*
chr3,56732407,56732407,1,*
chr3,58132828,58132828,1,*
chr3,58306404,58306404,1,*
chr3,64799634,64799634,1,*
chr3,64799641,64799641,1,*
chr3,65010527,65010527,1,*
chr3,66380856,66380856,1,*
chr3,71682197,71682197,1,*
chr3,73064852,73064852,1,*
chr3,75426476,75426476,1,*
chr3,88053143,88053143,1,*
chr3,88054526,88054526,1,*
chr3,88056210,88056210,1,*
chr3,88143756,88143756,1,*
chr3,88143943,88143943,1,*
chr3,94061016,94061016,1,*
chr3,9745843,9745843,1,*
chr3,9817776,9817776,1,*
chr3,98588852,98588852,1,*
chr3,9943989,9943989,1,*
chr4,102794878,102794878,1,*
chr4,102827033,102827033,1,*
chr4,102827051,102827051,1,*
chr4,102888237,102888237,1,*
chr4,105234594,105234594,1,*
chr4,105237059,105237059,1,*
chr4,105269705,105269705,1,*
chr4,105275843,105275843,1,*
chr4,105279077,105279077,1,*
chr4,107913373,107913373,1,*
chr4,113381478,113381478,1,*
chr4,118710005,118710005,1,*
chr4,119212763,119212763,1,*
chr4,119239533,119239533,1,*
chr4,121029898,121029898,1,*
chr4,121030077,121030077,1,*
chr4,121031252,121031252,1,*
chr4,121031625,121031625,1,*
chr4,121031699,121031699,1,*
chr4,121033180,121033180,1,*
chr4,121034324,121034324,1,*
chr4,121035455,121035455,1,*
chr4,121036936,121036936,1,*
chr4,121037032,121037032,1,*
chr4,121037542,121037542,1,*
chr4,1251598,1251598,1,*
chr4,13602558,13602558,1,*
chr4,142023948,142023948,1,*
chr4,142026043,142026043,1,*
chr4,142028711,142028711,1,*
chr4,142122244,142122244,1,*
chr4,142314712,142314712,1,*
chr4,151144045,151144045,1,*
chr4,155924935,155924935,1,*
chr4,155925446,155925446,1,*
chr4,16161598,16161598,1,*
chr4,16162866,16162866,1,*
chr4,169508251,169508251,1,*
chr4,169562149,169562149,1,*
chr4,169990292,169990292,1,*
chr4,169990898,169990898,1,*
chr4,174319455,174319455,1,*
chr4,17624646,17624646,1,*
chr4,176332092,176332092,1,*
chr4,17802663,17802663,1,*
chr4,17803094,17803094,1,*
chr4,17803756,17803756,1,*
chr4,183679418,183679418,1,*
chr4,184678335,184678335,1,*
chr4,184694610,184694610,1,*
chr4,184694614,184694614,1,*
chr4,184756209,184756209,1,*
chr4,186069191,186069191,1,*
chr4,186069239,186069239,1,*
chr4,186201178,186201178,1,*
chr4,186212279,186212279,1,*
chr4,186618434,186618434,1,*
chr4,189940880,189940880,1,*
chr4,189940929,189940929,1,*
chr4,189940999,189940999,1,*
chr4,2231982,2231982,1,*
chr4,2254989,2254989,1,*
chr4,2490464,2490464,1,*
chr4,25277834,25277834,1,*
chr4,2696503,2696503,1,*
chr4,2899622,2899622,1,*
chr4,3214108,3214108,1,*
chr4,337886,337886,1,*
chr4,37612938,37612938,1,*
chr4,37613115,37613115,1,*
chr4,37850235,37850235,1,*
chr4,37855721,37855721,1,*
chr4,37861764,37861764,1,*
chr4,37862142,37862142,1,*
chr4,38137235,38137235,1,*
chr4,38915010,38915010,1,*
chr4,39304884,39304884,1,*
chr4,41954234,41954234,1,*
chr4,41954238,41954238,1,*
chr4,41954296,41954296,1,*
chr4,41958590,41958590,1,*
chr4,41958609,41958609,1,*
chr4,47587186,47587186,1,*
chr4,47591515,47591515,1,*
chr4,522055,522055,1,*
chr4,523587,523587,1,*
chr4,527064,527064,1,*
chr4,533888,533888,1,*
chr4,54281602,54281602,1,*
chr4,55453077,55453077,1,*
chr4,55904542,55904542,1,*
chr4,56345186,56345186,1,*
chr4,56395068,56395068,1,*
chr4,56402162,56402162,1,*
chr4,5689175,5689175,1,*
chr4,57009303,57009303,1,*
chr4,5729347,5729347,1,*
chr4,5827530,5827530,1,*
chr4,6301627,6301627,1,*
chr4,6302742,6302742,1,*
chr4,67720549,67720549,1,*
chr4,7056410,7056410,1,*
chr4,70688558,70688558,1,*
chr4,71022523,71022523,1,*
chr4,75542458,75542458,1,*
chr4,75916937,75916937,1,*
chr4,75916938,75916938,1,*
chr4,76739864,76739864,1,*
chr4,768062,768062,1,*
chr4,77157472,77157472,1,*
chr4,77164810,77164810,1,*
chr4,77165747,77165747,1,*
chr4,7759840,7759840,1,*
chr4,7843340,7843340,1,*
chr4,82423353,82423353,1,*
chr4,82423369,82423369,1,*
chr4,82423697,82423697,1,*
chr4,82424139,82424139,1,*
chr4,83448938,83448938,1,*
chr4,83462582,83462582,1,*
chr4,83598675,83598675,1,*
chr4,8452019,8452019,1,*
chr4,87161129,87161129,1,*
chr4,888855,888855,1,*
chr4,98442249,98442249,1,*
chr4,98472585,98472585,1,*
chr4,99071500,99071500,1,*
chr4,99071501,99071501,1,*
chr4,99071843,99071843,1,*
chr5,10239241,10239241,1,*
chr5,103558972,103558972,1,*
chr5,1051803,1051803,1,*
chr5,108835782,108835782,1,*
chr5,108946208,108946208,1,*
chr5,113013980,113013980,1,*
chr5,113014401,113014401,1,*
chr5,115578732,115578732,1,*
chr5,115580331,115580331,1,*
chr5,115836429,115836429,1,*
chr5,115841565,115841565,1,*
chr5,119116178,119116178,1,*
chr5,119144621,119144621,1,*
chr5,119178181,119178181,1,*
chr5,126626699,126626699,1,*
chr5,126626722,126626722,1,*
chr5,131393922,131393922,1,*
chr5,131425652,131425652,1,*
chr5,131504692,131504692,1,*
chr5,131642439,131642439,1,*
chr5,131644223,131644223,1,*
chr5,132268842,132268842,1,*
chr5,132270356,132270356,1,*
chr5,132272249,132272249,1,*
chr5,132335969,132335969,1,*
chr5,132394319,132394319,1,*
chr5,134601688,134601688,1,*
chr5,134603851,134603851,1,*
chr5,136182052,136182052,1,*
chr5,138347025,138347025,1,*
chr5,138347616,138347616,1,*
chr5,138419119,138419119,1,*
chr5,139413007,139413007,1,*
chr5,140662375,140662375,1,*
chr5,141122761,141122761,1,*
chr5,141125259,141125259,1,*
chr5,141185019,141185019,1,*
chr5,141320273,141320273,1,*
chr5,141388335,141388335,1,*
chr5,141388422,141388422,1,*
chr5,141420245,141420245,1,*
chr5,141929700,141929700,1,*
chr5,142154280,142154280,1,*
chr5,142311470,142311470,1,*
chr5,142592563,142592563,1,*
chr5,14389360,14389360,1,*
chr5,144158340,144158340,1,*
chr5,146287788,146287788,1,*
chr5,1466889,1466889,1,*
chr5,149501595,149501595,1,*
chr5,149504071,149504071,1,*
chr5,150115421,150115421,1,*
chr5,150135834,150135834,1,*
chr5,150658652,150658652,1,*
chr5,151021735,151021735,1,*
chr5,154419862,154419862,1,*
chr5,154420749,154420749,1,*
chr5,157134983,157134983,1,*
chr5,157137812,157137812,1,*
chr5,157138361,157138361,1,*
chr5,157731545,157731545,1,*
chr5,1579400,1579400,1,*
chr5,15939449,15939449,1,*
chr5,172096432,172096432,1,*
chr5,172334334,172334334,1,*
chr5,172334433,172334433,1,*
chr5,172422467,172422467,1,*
chr5,172769994,172769994,1,*
chr5,173612595,173612595,1,*
chr5,176373585,176373585,1,*
chr5,176378685,176378685,1,*
chr5,177299634,177299634,1,*
chr5,177488142,177488142,1,*
chr5,178147560,178147560,1,*
chr5,178867059,178867059,1,*
chr5,179609713,179609713,1,*
chr5,180577154,180577154,1,*
chr5,180808737,180808737,1,*
chr5,202254,202254,1,*
chr5,202284,202284,1,*
chr5,202848,202848,1,*
chr5,202999,202999,1,*
chr5,203633,203633,1,*
chr5,204360,204360,1,*
chr5,204458,204458,1,*
chr5,204962,204962,1,*
chr5,32228525,32228525,1,*
chr5,32229316,32229316,1,*
chr5,33998663,33998663,1,*
chr5,34757561,34757561,1,*
chr5,34811032,34811032,1,*
chr5,36171678,36171678,1,*
chr5,37170076,37170076,1,*
chr5,37298905,37298905,1,*
chr5,37310663,37310663,1,*
chr5,37721117,37721117,1,*
chr5,38919517,38919517,1,*
chr5,38939502,38939502,1,*
chr5,38940756,38940756,1,*
chr5,38942347,38942347,1,*
chr5,40827205,40827205,1,*
chr5,43245255,43245255,1,*
chr5,43612944,43612944,1,*
chr5,43653141,43653141,1,*
chr5,44818079,44818079,1,*
chr5,471363,471363,1,*
chr5,472106,472106,1,*
chr5,52803085,52803085,1,*
chr5,52918751,52918751,1,*
chr5,52933915,52933915,1,*
chr5,52944980,52944980,1,*
chr5,53101481,53101481,1,*
chr5,53102175,53102175,1,*
chr5,54545728,54545728,1,*
chr5,55645789,55645789,1,*
chr5,58972180,58972180,1,*
chr5,58972376,58972376,1,*
chr5,58972385,58972385,1,*
chr5,58973026,58973026,1,*
chr5,61156012,61156012,1,*
chr5,62389599,62389599,1,*
chr5,6377180,6377180,1,*
chr5,64720797,64720797,1,*
chr5,65669310,65669310,1,*
chr5,65670073,65670073,1,*
chr5,66053554,66053554,1,*
chr5,66078665,66078665,1,*
chr5,66157357,66157357,1,*
chr5,66158224,66158224,1,*
chr5,71504711,71504711,1,*
chr5,73565316,73565316,1,*
chr5,73572622,73572622,1,*
chr5,78476879,78476879,1,*
chr5,79300233,79300233,1,*
chr5,79322850,79322850,1,*
chr5,79324943,79324943,1,*
chr5,79981512,79981512,1,*
chr5,80670210,80670210,1,*
chr5,81304800,81304800,1,*
chr5,870504,870504,1,*
chr5,88195980,88195980,1,*
chr5,97035394,97035394,1,*
chr5,97035631,97035631,1,*
chr6,105100132,105100132,1,*
chr6,106629675,106629675,1,*
chr6,108042030,108042030,1,*
chr6,109466393,109466393,1,*
chr6,110127539,110127539,1,*
chr6,110894042,110894042,1,*
chr6,111026192,111026192,1,*
chr6,111026624,111026624,1,*
chr6,111027337,111027337,1,*
chr6,111307394,111307394,1,*
chr6,111307423,111307423,1,*
chr6,11135024,11135024,1,*
chr6,111374888,111374888,1,*
chr6,116432279,116432279,1,*
chr6,116443312,116443312,1,*
chr6,116444528,116444528,1,*
chr6,116571518,116571518,1,*
chr6,116652019,116652019,1,*
chr6,11723403,11723403,1,*
chr6,117548367,117548367,1,*
chr6,118470641,118470641,1,*
chr6,118814247,118814247,1,*
chr6,118908675,118908675,1,*
chr6,118923859,118923859,1,*
chr6,122442457,122442457,1,*
chr6,122801319,122801319,1,*
chr6,125057980,125057980,1,*
chr6,125979299,125979299,1,*
chr6,13787560,13787560,1,*
chr6,138418442,138418442,1,*
chr6,138908735,138908735,1,*
chr6,139167023,139167023,1,*
chr6,139179967,139179967,1,*
chr6,142444328,142444328,1,*
chr6,142771334,142771334,1,*
chr6,143860482,143860482,1,*
chr6,151101699,151101699,1,*
chr6,151349555,151349555,1,*
chr6,151353135,151353135,1,*
chr6,151353458,151353458,1,*
chr6,151356224,151356224,1,*
chr6,151364459,151364459,1,*
chr6,152213633,152213633,1,*
chr6,154405854,154405854,1,*
chr6,15523157,15523157,1,*
chr6,157873152,157873152,1,*
chr6,157943950,157943950,1,*
chr6,158974990,158974990,1,*
chr6,158986414,158986414,1,*
chr6,158993867,158993867,1,*
chr6,159726409,159726409,1,*
chr6,1606149,1606149,1,*
chr6,1608396,1608396,1,*
chr6,161087848,161087848,1,*
chr6,167040946,167040946,1,*
chr6,167968243,167968243,1,*
chr6,169776551,169776551,1,*
chr6,169776552,169776552,1,*
chr6,170404594,170404594,1,*
chr6,170404919,170404919,1,*
chr6,170549244,170549244,1,*
chr6,17688462,17688462,1,*
chr6,17764500,17764500,1,*
chr6,20493230,20493230,1,*
chr6,24702221,24702221,1,*
chr6,24704594,24704594,1,*
chr6,25103500,25103500,1,*
chr6,25107240,25107240,1,*
chr6,25108163,25108163,1,*
chr6,25108525,25108525,1,*
chr6,25472509,25472509,1,*
chr6,25963228,25963228,1,*
chr6,3018577,3018577,1,*
chr6,3019693,3019693,1,*
chr6,30201052,30201052,1,*
chr6,30204736,30204736,1,*
chr6,30345491,30345491,1,*
chr6,30897427,30897427,1,*
chr6,30913326,30913326,1,*
chr6,30914857,30914857,1,*
chr6,30922706,30922706,1,*
chr6,31151121,31151121,1,*
chr6,3137402,3137402,1,*
chr6,31410611,31410611,1,*
chr6,31410733,31410733,1,*
chr6,3152588,3152588,1,*
chr6,31637501,31637501,1,*
chr6,31642909,31642909,1,*
chr6,31664357,31664357,1,*
chr6,31970635,31970635,1,*
chr6,3271831,3271831,1,*
chr6,33085832,33085832,1,*
chr6,33250812,33250812,1,*
chr6,34281769,34281769,1,*
chr6,34426089,34426089,1,*
chr6,34873553,34873553,1,*
chr6,35089554,35089554,1,*
chr6,35286197,35286197,1,*
chr6,36108787,36108787,1,*
chr6,36924795,36924795,1,*
chr6,37331337,37331337,1,*
chr6,37331627,37331627,1,*
chr6,37332413,37332413,1,*
chr6,37381290,37381290,1,*
chr6,38153435,38153435,1,*
chr6,38173546,38173546,1,*
chr6,39110459,39110459,1,*
chr6,39904728,39904728,1,*
chr6,39905979,39905979,1,*
chr6,39906913,39906913,1,*
chr6,39907099,39907099,1,*
chr6,41936045,41936045,1,*
chr6,42866283,42866283,1,*
chr6,42867648,42867648,1,*
chr6,42888386,42888386,1,*
chr6,42889615,42889615,1,*
chr6,42974893,42974893,1,*
chr6,43046738,43046738,1,*
chr6,43144529,43144529,1,*
chr6,43337782,43337782,1,*
chr6,43340123,43340123,1,*
chr6,43504228,43504228,1,*
chr6,43523209,43523209,1,*
chr6,43523703,43523703,1,*
chr6,43555852,43555852,1,*
chr6,43623394,43623394,1,*
chr6,43623714,43623714,1,*
chr6,43779886,43779886,1,*
chr6,49447735,49447735,1,*
chr6,5108731,5108731,1,*
chr6,52264256,52264256,1,*
chr6,52479101,52479101,1,*
chr6,56541150,56541150,1,*
chr6,56640265,56640265,1,*
chr6,56650989,56650989,1,*
chr6,56704306,56704306,1,*
chr6,599209,599209,1,*
chr6,71302632,71302632,1,*
chr6,7283241,7283241,1,*
chr6,7284226,7284226,1,*
chr6,7284254,7284254,1,*
chr6,73594884,73594884,1,*
chr6,73638419,73638419,1,*
chr6,78983034,78983034,1,*
chr6,79916466,79916466,1,*
chr6,83934726,83934726,1,*
chr6,84146690,84146690,1,*
chr6,85608881,85608881,1,*
chr6,87259762,87259762,1,*
chr6,87609165,87609165,1,*
chr6,87653225,87653225,1,*
chr6,87667331,87667331,1,*
chr6,89327472,89327472,1,*
chr6,89380305,89380305,1,*
chr6,89653064,89653064,1,*
chr6,89699023,89699023,1,*
chr6,98872148,98872148,1,*
chr6,98872839,98872839,1,*
chr6,99399710,99399710,1,*
chr7,100888489,100888489,1,*
chr7,101088467,101088467,1,*
chr7,101090284,101090284,1,*
chr7,101093027,101093027,1,*
chr7,101094943,101094943,1,*
chr7,101095042,101095042,1,*
chr7,101218171,101218171,1,*
chr7,101315043,101315043,1,*
chr7,102278018,102278018,1,*
chr7,102396430,102396430,1,*
chr7,103311676,103311676,1,*
chr7,105542548,105542548,1,*
chr7,106658375,106658375,1,*
chr7,106658381,106658381,1,*
chr7,107160571,107160571,1,*
chr7,107362059,107362059,1,*
chr7,107576575,107576575,1,*
chr7,107975061,107975061,1,*
chr7,112456018,112456018,1,*
chr7,112819580,112819580,1,*
chr7,118192992,118192992,1,*
chr7,118193069,118193069,1,*
chr7,118193801,118193801,1,*
chr7,118194288,118194288,1,*
chr7,118194426,118194426,1,*
chr7,121295952,121295952,1,*
chr7,123682725,123682725,1,*
chr7,128313190,128313190,1,*
chr7,128333354,128333354,1,*
chr7,128501979,128501979,1,*
chr7,128503050,128503050,1,*
chr7,128657731,128657731,1,*
chr7,128662785,128662785,1,*
chr7,128748005,128748005,1,*
chr7,128771026,128771026,1,*
chr7,128865784,128865784,1,*
chr7,131490363,131490363,1,*
chr7,135163570,135163570,1,*
chr7,135364052,135364052,1,*
chr7,135733957,135733957,1,*
chr7,138916826,138916826,1,*
chr7,138917686,138917686,1,*
chr7,139026157,139026157,1,*
chr7,139046942,139046942,1,*
chr7,139283068,139283068,1,*
chr7,139300298,139300298,1,*
chr7,139570960,139570960,1,*
chr7,140046993,140046993,1,*
chr7,140057912,140057912,1,*
chr7,149255221,149255221,1,*
chr7,149839125,149839125,1,*
chr7,149846180,149846180,1,*
chr7,150373357,150373357,1,*
chr7,152251983,152251983,1,*
chr7,154944474,154944474,1,*
chr7,154951029,154951029,1,*
chr7,155741959,155741959,1,*
chr7,1567623,1567623,1,*
chr7,156971026,156971026,1,*
chr7,158871562,158871562,1,*
chr7,16627116,16627116,1,*
chr7,16627134,16627134,1,*
chr7,19696657,19696657,1,*
chr7,19698119,19698119,1,*
chr7,199797,199797,1,*
chr7,21916787,21916787,1,*
chr7,2254288,2254288,1,*
chr7,23175077,23175077,1,*
chr7,23195864,23195864,1,*
chr7,23200644,23200644,1,*
chr7,23689297,23689297,1,*
chr7,25142786,25142786,1,*
chr7,25168355,25168355,1,*
chr7,25168375,25168375,1,*
chr7,2610442,2610442,1,*
chr7,27196725,27196725,1,*
chr7,27740146,27740146,1,*
chr7,29648196,29648196,1,*
chr7,29650563,29650563,1,*
chr7,30080246,30080246,1,*
chr7,30082417,30082417,1,*
chr7,30366075,30366075,1,*
chr7,30366855,30366855,1,*
chr7,30368576,30368576,1,*
chr7,30585470,30585470,1,*
chr7,30594717,30594717,1,*
chr7,30875647,30875647,1,*
chr7,30875648,30875648,1,*
chr7,38723260,38723260,1,*
chr7,38724291,38724291,1,*
chr7,38725091,38725091,1,*
chr7,38725132,38725132,1,*
chr7,38726125,38726125,1,*
chr7,38765615,38765615,1,*
chr7,39570578,39570578,1,*
chr7,41963034,41963034,1,*
chr7,41963589,41963589,1,*
chr7,42937743,42937743,1,*
chr7,43876892,43876892,1,*
chr7,43952827,43952827,1,*
chr7,43953371,43953371,1,*
chr7,43955358,43955358,1,*
chr7,44707979,44707979,1,*
chr7,44707990,44707990,1,*
chr7,44834201,44834201,1,*
chr7,44986097,44986097,1,*
chr7,45736875,45736875,1,*
chr7,4764498,4764498,1,*
chr7,4767211,4767211,1,*
chr7,4767331,4767331,1,*
chr7,4769322,4769322,1,*
chr7,4769705,4769705,1,*
chr7,47956960,47956960,1,*
chr7,48104731,48104731,1,*
chr7,48105689,48105689,1,*
chr7,4996797,4996797,1,*
chr7,50444816,50444816,1,*
chr7,50446879,50446879,1,*
chr7,5057327,5057327,1,*
chr7,5066251,5066251,1,*
chr7,5066591,5066591,1,*
chr7,5067941,5067941,1,*
chr7,55165396,55165396,1,*
chr7,6005996,6005996,1,*
chr7,6022895,6022895,1,*
chr7,6023197,6023197,1,*
chr7,6145563,6145563,1,*
chr7,6150119,6150119,1,*
chr7,65399887,65399887,1,*
chr7,65399981,65399981,1,*
chr7,65399999,65399999,1,*
chr7,66811325,66811325,1,*
chr7,6689949,6689949,1,*
chr7,66956156,66956156,1,*
chr7,67239057,67239057,1,*
chr7,70763153,70763153,1,*
chr7,73570818,73570818,1,*
chr7,73700871,73700871,1,*
chr7,75417309,75417309,1,*
chr7,75424216,75424216,1,*
chr7,75994575,75994575,1,*
chr7,76611456,76611456,1,*
chr7,76611560,76611560,1,*
chr7,77685327,77685327,1,*
chr7,77793835,77793835,1,*
chr7,83363423,83363423,1,*
chr7,83364200,83364200,1,*
chr7,83365757,83365757,1,*
chr7,83366854,83366854,1,*
chr7,83367330,83367330,1,*
chr7,83367540,83367540,1,*
chr7,83955133,83955133,1,*
chr7,84194892,84194892,1,*
chr7,849248,849248,1,*
chr7,87182209,87182209,1,*
chr7,87907862,87907862,1,*
chr7,90372182,90372182,1,*
chr7,91873524,91873524,1,*
chr7,91873525,91873525,1,*
chr7,93100095,93100095,1,*
chr7,93104453,93104453,1,*
chr7,93105670,93105670,1,*
chr7,93132562,93132562,1,*
chr7,93135176,93135176,1,*
chr7,95413217,95413217,1,*
chr7,98306359,98306359,1,*
chr7,99013061,99013061,1,*
chr7,99029840,99029840,1,*
chr7,99395582,99395582,1,*
chr7,99409140,99409140,1,*
chr7,99573899,99573899,1,*
chr8,103071423,103071423,1,*
chr8,103071558,103071558,1,*
chr8,103071765,103071765,1,*
chr8,103071909,103071909,1,*
chr8,103325139,103325139,1,*
chr8,103399054,103399054,1,*
chr8,104489585,104489585,1,*
chr8,105803246,105803246,1,*
chr8,105803451,105803451,1,*
chr8,11326262,11326262,1,*
chr8,116846111,116846111,1,*
chr8,119423722,119423722,1,*
chr8,119557637,119557637,1,*
chr8,119732159,119732159,1,*
chr8,123345013,123345013,1,*
chr8,123513243,123513243,1,*
chr8,123814564,123814564,1,*
chr8,12743211,12743211,1,*
chr8,132847632,132847632,1,*
chr8,133228843,133228843,1,*
chr8,133241158,133241158,1,*
chr8,134657567,134657567,1,*
chr8,140450819,140450819,1,*
chr8,140450963,140450963,1,*
chr8,140450975,140450975,1,*
chr8,140451017,140451017,1,*
chr8,140515228,140515228,1,*
chr8,140529083,140529083,1,*
chr8,140530727,140530727,1,*
chr8,140531189,140531189,1,*
chr8,140531782,140531782,1,*
chr8,141151774,141151774,1,*
chr8,141195033,141195033,1,*
chr8,143984371,143984371,1,*
chr8,144139927,144139927,1,*
chr8,144140337,144140337,1,*
chr8,144318103,144318103,1,*
chr8,144994545,144994545,1,*
chr8,17296534,17296534,1,*
chr8,17754450,17754450,1,*
chr8,1885635,1885635,1,*
chr8,1925374,1925374,1,*
chr8,22102585,22102585,1,*
chr8,22620848,22620848,1,*
chr8,23043188,23043188,1,*
chr8,23137489,23137489,1,*
chr8,25412992,25412992,1,*
chr8,27591760,27591760,1,*
chr8,27593234,27593234,1,*
chr8,27593253,27593253,1,*
chr8,27595626,27595626,1,*
chr8,27596276,27596276,1,*
chr8,29068564,29068564,1,*
chr8,33499311,33499311,1,*
chr8,33500300,33500300,1,*
chr8,38265843,38265843,1,*
chr8,38989660,38989660,1,*
chr8,41940899,41940899,1,*
chr8,42532753,42532753,1,*
chr8,42837276,42837276,1,*
chr8,47260969,47260969,1,*
chr8,51948567,51948567,1,*
chr8,54046613,54046613,1,*
chr8,55998369,55998369,1,*
chr8,56067921,56067921,1,*
chr8,60622808,60622808,1,*
chr8,60853001,60853001,1,*
chr8,6444585,6444585,1,*
chr8,6480785,6480785,1,*
chr8,66631760,66631760,1,*
chr8,66633971,66633971,1,*
chr8,66665435,66665435,1,*
chr8,73792915,73792915,1,*
chr8,85115183,85115183,1,*
chr8,9032588,9032588,1,*
chr8,91084834,91084834,1,*
chr8,9138819,9138819,1,*
chr8,9139684,9139684,1,*
chr8,9139697,9139697,1,*
chr8,9140288,9140288,1,*
chr8,93726401,93726401,1,*
chr8,93733821,93733821,1,*
chr8,94791706,94791706,1,*
chr8,94793224,94793224,1,*
chr8,95155740,95155740,1,*
chr8,98195962,98195962,1,*
chr8,99778928,99778928,1,*
chr9,100292659,100292659,1,*
chr9,104840397,104840397,1,*
chr9,105773965,105773965,1,*
chr9,105774431,105774431,1,*
chr9,105774530,105774530,1,*
chr9,105774587,105774587,1,*
chr9,105774623,105774623,1,*
chr9,106929395,106929395,1,*
chr9,109016548,109016548,1,*
chr9,110369941,110369941,1,*
chr9,110407495,110407495,1,*
chr9,110434453,110434453,1,*
chr9,110489671,110489671,1,*
chr9,110489731,110489731,1,*
chr9,110496872,110496872,1,*
chr9,111363574,111363574,1,*
chr9,111653460,111653460,1,*
chr9,111669741,111669741,1,*
chr9,112686061,112686061,1,*
chr9,112838547,112838547,1,*
chr9,113187876,113187876,1,*
chr9,114178314,114178314,1,*
chr9,114250160,114250160,1,*
chr9,114644321,114644321,1,*
chr9,114645061,114645061,1,*
chr9,117713024,117713024,1,*
chr9,117713324,117713324,1,*
chr9,117715754,117715754,1,*
chr9,117715853,117715853,1,*
chr9,121785217,121785217,1,*
chr9,122239470,122239470,1,*
chr9,122392908,122392908,1,*
chr9,123757789,123757789,1,*
chr9,124351453,124351453,1,*
chr9,124351812,124351812,1,*
chr9,124353174,124353174,1,*
chr9,127508503,127508503,1,*
chr9,127692274,127692274,1,*
chr9,127941440,127941440,1,*
chr9,128179172,128179172,1,*
chr9,128222530,128222530,1,*
chr9,128329179,128329179,1,*
chr9,128390366,128390366,1,*
chr9,129811257,129811257,1,*
chr9,129835495,129835495,1,*
chr9,129958491,129958491,1,*
chr9,13106599,13106599,1,*
chr9,131476383,131476383,1,*
chr9,131598268,131598268,1,*
chr9,132328143,132328143,1,*
chr9,132328451,132328451,1,*
chr9,132401743,132401743,1,*
chr9,132401954,132401954,1,*
chr9,132689104,132689104,1,*
chr9,133329325,133329325,1,*
chr9,133330591,133330591,1,*
chr9,133331550,133331550,1,*
chr9,133341861,133341861,1,*
chr9,133406422,133406422,1,*
chr9,133412362,133412362,1,*
chr9,133414815,133414815,1,*
chr9,133762231,133762231,1,*
chr9,133768484,133768484,1,*
chr9,134158756,134158756,1,*
chr9,136402814,136402814,1,*
chr9,136405185,136405185,1,*
chr9,136406987,136406987,1,*
chr9,136407508,136407508,1,*
chr9,137754290,137754290,1,*
chr9,2044094,2044094,1,*
chr9,2044606,2044606,1,*
chr9,21816759,21816759,1,*
chr9,2193437,2193437,1,*
chr9,2635545,2635545,1,*
chr9,26841798,26841798,1,*
chr9,26984279,26984279,1,*
chr9,27547988,27547988,1,*
chr9,32457191,32457191,1,*
chr9,32487523,32487523,1,*
chr9,33045278,33045278,1,*
chr9,33045812,33045812,1,*
chr9,33112440,33112440,1,*
chr9,33921921,33921921,1,*
chr9,34087248,34087248,1,*
chr9,34400607,34400607,1,*
chr9,34680974,34680974,1,*
chr9,35091883,35091883,1,*
chr9,35661060,35661060,1,*
chr9,35661091,35661091,1,*
chr9,35748672,35748672,1,*
chr9,35757453,35757453,1,*
chr9,37079953,37079953,1,*
chr9,37501810,37501810,1,*
chr9,37863065,37863065,1,*
chr9,37863152,37863152,1,*
chr9,37863199,37863199,1,*
chr9,37864265,37864265,1,*
chr9,37865058,37865058,1,*
chr9,37866554,37866554,1,*
chr9,37867194,37867194,1,*
chr9,3828379,3828379,1,*
chr9,399255,399255,1,*
chr9,4726367,4726367,1,*
chr9,4727562,4727562,1,*
chr9,6496811,6496811,1,*
chr9,6984172,6984172,1,*
chr9,70353122,70353122,1,*
chr9,711396,711396,1,*
chr9,71683794,71683794,1,*
chr9,71684384,71684384,1,*
chr9,71718054,71718054,1,*
chr9,72353277,72353277,1,*
chr9,72361032,72361032,1,*
chr9,72362601,72362601,1,*
chr9,75079220,75079220,1,*
chr9,75079603,75079603,1,*
chr9,76388600,76388600,1,*
chr9,76502835,76502835,1,*
chr9,76503413,76503413,1,*
chr9,76505559,76505559,1,*
chr9,76506867,76506867,1,*
chr9,8314988,8314988,1,*
chr9,8492902,8492902,1,*
chr9,8518395,8518395,1,*
chr9,91722646,91722646,1,*
chr9,91724340,91724340,1,*
chr9,92634430,92634430,1,*
chr9,93444692,93444692,1,*
chr9,93444906,93444906,1,*
chr9,93444930,93444930,1,*
chr9,93445390,93445390,1,*
chr9,93445849,93445849,1,*
chr9,93446207,93446207,1,*
chr9,93446977,93446977,1,*
chr9,93447360,93447360,1,*
chr9,96013177,96013177,1,*
chr9,96523411,96523411,1,*
chr9,96640900,96640900,1,*
chr9,96654718,96654718,1,*
chr9,97439269,97439269,1,*
chr9,97472474,97472474,1,*
chr9,97601294,97601294,1,*
chr9,97601630,97601630,1,*
chr9,97601652,97601652,1,*
chr9,97601817,97601817,1,*
chr9,97602169,97602169,1,*
chr9,97675236,97675236,1,*
chr9,97910056,97910056,1,*
chr9,99015983,99015983,1,*
chr9,99218947,99218947,1,*
