"Supplementary Data 1. Detailed list of differential eQTLs, i.e. variants with high posterior probability for presence of eQTL effect in high-grade cartilage (m>0.9) and low for presence in low-grade cartilage (m<0.1), or vice versa.",,,,,,,,,,,
Chr:pos1,rsID,REF2,ALT3,GENE,ENSG,High-grade BETA4,High-grade BETA standard error,Low-grade BETA,Low-grade BETA standard error,High-grade m-value5,Low-grade m-value
19:18482358,rs17725099,G,A,CRLF1,ENSG00000006016,0.6282181,0.1564285,-0.1467562,0.1615302,0.979,0.039
19:18495908,rs75347775,G,A,CRLF1,ENSG00000006016,0.7135932,0.1676899,-0.09117897,0.1740172,0.99,0.044
19:18499422,rs1058587,C,G,CRLF1,ENSG00000006016,0.7353987,0.1696497,-0.08549895,0.1757127,0.992,0.042
19:18500722,rs16982345,G,A,CRLF1,ENSG00000006016,0.736873,0.1699322,-0.08445912,0.1760593,0.992,0.042
19:18502374,rs116399833,C,A,CRLF1,ENSG00000006016,0.7725548,0.1924311,-0.09424328,0.191329,0.975,0.072
19:18503194,rs45543339,C,T,CRLF1,ENSG00000006016,0.742128,0.1717781,-0.06985677,0.1783235,0.992,0.049
19:51228746,rs13866,C,T,PNKP,ENSG00000039650,-0.1232455,0.2024054,0.9072885,0.2199784,0.079,0.956
19:51230490,rs722036,A,G,PNKP,ENSG00000039650,-0.1119856,0.1895027,0.8390705,0.2060921,0.075,0.956
19:51233758,rs62112533,C,T,PNKP,ENSG00000039650,-0.1456695,0.2024423,0.868096,0.2188162,0.088,0.939
1:43617327,rs612867,A,G,ELOVL1,ENSG00000066322,-0.6375189,0.160673,0.02714507,0.1655842,0.985,0.081
1:43622880,rs605161,C,G,ELOVL1,ENSG00000066322,-0.6668402,0.1645475,0.02492492,0.169685,0.988,0.077
1:43641416,rs11210804,A,G,ELOVL1,ENSG00000066322,-0.767288,0.178999,0.02904462,0.1828469,0.993,0.06
1:43641528,rs10890240,C,T,ELOVL1,ENSG00000066322,-0.7678087,0.1790205,0.02860643,0.1828564,0.993,0.06
1:44519447,rs2158822,G,C,EIF2B3,ENSG00000070785,-0.6740441,0.1550671,0.2058261,0.1573972,0.997,0.006
1:44520070,rs11210947,A,G,EIF2B3,ENSG00000070785,-0.6730026,0.1550079,0.2068276,0.1573565,0.997,0.006
1:44520113,rs11210948,A,G,EIF2B3,ENSG00000070785,-0.672747,0.1549827,0.2068472,0.1573271,0.997,0.006
1:44522274,rs942756,T,C,EIF2B3,ENSG00000070785,-0.670274,0.154767,0.2086709,0.1571403,0.997,0.006
19:10633908,rs10415923,T,A,ICAM3,ENSG00000076662,-0.8069279,0.1952147,0.04412429,0.199301,0.981,0.097
16:24450644,rs35009253,C,T,EARS2,ENSG00000103356,0.009929609,0.146612,-0.6573884,0.1611495,0.057,0.986
16:24451910,rs7198058,A,C,EARS2,ENSG00000103356,0.009509808,0.1460088,-0.6571636,0.160554,0.056,0.986
19:50299757,rs7258104,A,G,IL4I1,ENSG00000104951,0.65926,0.1526323,0.04782075,0.1444844,0.992,0.09
19:50301545,rs7251463,G,A,IL4I1,ENSG00000104951,-0.6868209,0.1532224,-0.05285504,0.1455739,0.995,0.078
19:50301653,rs7251269,A,G,IL4I1,ENSG00000104951,-0.6528727,0.1496117,0.000371282,0.1421839,0.992,0.052
19:50301844,rs7248071,T,G,IL4I1,ENSG00000104951,-0.6875469,0.1533476,-0.05304939,0.145689,0.995,0.079
19:50307344,rs11879607,C,T,IL4I1,ENSG00000104951,-0.6551835,0.1506541,-0.002201684,0.1431616,0.992,0.055
19:50307408,rs11879637,G,A,IL4I1,ENSG00000104951,-0.6906398,0.1544355,-0.05689653,0.1467423,0.995,0.084
19:50315423,rs8104825,G,A,IL4I1,ENSG00000104951,-0.6863609,0.1548979,-0.06110527,0.1472953,0.995,0.092
7:90787924,rs4728955,G,C,GTPBP10,ENSG00000105793,0.7203424,0.1539397,0.01787725,0.1506475,0.996,0.053
7:90788209,rs4728956,G,A,GTPBP10,ENSG00000105793,0.7194935,0.1538155,0.01737064,0.1505359,0.996,0.053
7:90788499,rs10235923,G,A,GTPBP10,ENSG00000105793,0.6632824,0.15125,0.01198869,0.1485408,0.992,0.072
7:90788503,rs10235925,G,A,GTPBP10,ENSG00000105793,0.6632106,0.1512337,0.01196299,0.1485267,0.992,0.072
7:135498686,rs62491567,A,G,WDR91,ENSG00000105875,0.6184277,0.1520476,-0.07902004,0.15251,0.978,0.057
9:71377966,rs1412986,C,T,APBA1,ENSG00000107282,0.7795316,0.1645013,-0.03979672,0.160511,0.998,0.021
6:6328503,rs1674074,C,G,NRN1,ENSG00000124785,0.2238809,0.1960746,-0.8767538,0.2020136,0.039,0.975
9:140132565,rs72765107,G,A,TRAF2,ENSG00000127191,1.170104,0.268162,-0.2682699,0.2772806,0.981,0.057
9:140133600,rs9722600,C,T,TRAF2,ENSG00000127191,1.167949,0.267646,-0.2687044,0.2767856,0.981,0.057
7:152738841,rs10266230,C,T,ACTR3B,ENSG00000133627,-0.07986931,0.1519204,0.7176103,0.1622614,0.026,0.991
11:47053266,,T,A,ACP2,ENSG00000134575,0.1167368,0.1488992,-0.5854891,0.1579975,0.051,0.956
2:100520274,rs6733591,C,T,REV1,ENSG00000135945,0.03385277,0.1433019,-0.5778789,0.1508597,0.089,0.959
1:221746895,rs12134883,C,T,HLX,ENSG00000136630,-0.7314974,0.1655102,-0.01172799,0.1615856,0.996,0.05
11:658050,rs7396568,G,A,IFITM3,ENSG00000142089,-0.5075144,0.1393048,0.1031445,0.1412329,0.947,0.07
11:659266,rs6598006,C,T,IFITM3,ENSG00000142089,-0.5316274,0.1412235,0.03467869,0.1418755,0.965,0.091
11:663174,rs6421973,T,C,IFITM3,ENSG00000142089,-0.531109,0.140795,0.03229445,0.1414089,0.966,0.092
11:663340,rs6598003,C,T,IFITM3,ENSG00000142089,-0.5059915,0.1387077,0.09995561,0.1405836,0.948,0.07
11:670493,rs11246253,T,A,IFITM3,ENSG00000142089,-0.5255585,0.1393793,0.09674681,0.1409573,0.962,0.06
11:677200,rs6597995,G,A,IFITM3,ENSG00000142089,-0.5244162,0.138922,0.09431264,0.140458,0.962,0.06
11:679915,rs28392994,G,A,IFITM3,ENSG00000142089,-0.52447,0.1389217,0.0943115,0.1404564,0.962,0.06
11:680647,rs11246262,A,C,IFITM3,ENSG00000142089,-0.5244098,0.138914,0.09423938,0.1404481,0.962,0.06
11:681502,rs12291981,C,G,IFITM3,ENSG00000142089,-0.5153538,0.1404163,0.07274215,0.1424016,0.954,0.081
8:74669188,rs13268235,C,T,TCEB1,ENSG00000154582,-0.02206266,0.1590614,0.7745753,0.1822108,0.039,0.991
2:201672370,rs10931924,C,T,TMEM237,ENSG00000155755,0.5882045,0.1455266,-0.02574271,0.1450397,0.972,0.093
2:201675353,rs3754937,G,C,TMEM237,ENSG00000155755,0.588084,0.1455936,-0.02601591,0.1451259,0.972,0.093
2:201676441,rs2270282,G,A,TMEM237,ENSG00000155755,0.5880559,0.1456178,-0.02611104,0.1451564,0.972,0.093
2:201678985,rs6709748,T,C,TMEM237,ENSG00000155755,0.5880528,0.1456615,-0.0263765,0.1452101,0.972,0.093
2:201683986,rs11688852,G,T,TMEM237,ENSG00000155755,0.5878696,0.1457378,-0.02665416,0.145309,0.971,0.093
2:201724360,rs12465952,A,G,TMEM237,ENSG00000155755,0.8554043,0.1934121,-0.0306939,0.1909377,0.983,0.093
21:29424056,rs7278280,C,T,USP16,ENSG00000156256,-0.1196114,0.1903304,0.8523763,0.2054645,0.099,0.932
21:38291352,rs2835534,A,T,HLCS,ENSG00000159267,0.8542044,0.1854682,0.1147169,0.1803493,0.999,0.098
21:38294702,rs73214743,C,T,HLCS,ENSG00000159267,0.8468241,0.1859885,0.09990505,0.1811242,0.999,0.091
17:26173599,rs2531892,G,A,TLCD1,ENSG00000160606,0.02166508,0.1542431,0.7183285,0.1664906,0.096,0.982
17:26173682,rs2531893,C,T,TLCD1,ENSG00000160606,0.0216996,0.1542709,0.7184052,0.1665132,0.096,0.982
17:26173945,rs2531894,G,A,TLCD1,ENSG00000160606,0.02162998,0.1542861,0.7184379,0.1664951,0.096,0.982
3:196345215,rs7426670,A,T,PCYT1A,ENSG00000161217,0.7249759,0.1649938,-0.06674836,0.1590263,0.984,0.051
3:196345987,rs2054745,G,A,PCYT1A,ENSG00000161217,0.7262709,0.164954,-0.06923144,0.1589527,0.984,0.05
3:196346273,rs4591526,T,G,PCYT1A,ENSG00000161217,0.7260475,0.1649053,-0.06939313,0.1589007,0.984,0.05
3:196348378,rs4346577,T,C,PCYT1A,ENSG00000161217,0.6984241,0.1643181,-0.06073956,0.1587075,0.977,0.064
3:196350910,rs1825471,G,A,PCYT1A,ENSG00000161217,0.7292243,0.1624969,-0.05508742,0.1563871,0.987,0.047
3:196355360,rs1552321,T,C,PCYT1A,ENSG00000161217,0.6904911,0.1653334,-0.06304522,0.161378,0.974,0.071
2:43061192,rs12712863,C,T,HAAO,ENSG00000162882,-0.6154231,0.1530354,0.02861359,0.1510384,0.989,0.054
1:72126388,rs2422014,A,C,NEGR1,ENSG00000172260,-0.6557934,0.1572696,0.03719419,0.1516348,0.971,0.082
17:46328667,rs8081754,G,A,HOXB2,ENSG00000173917,-0.7518059,0.1845058,0.04203795,0.1825178,0.991,0.052
17:46330434,rs7222593,T,C,HOXB2,ENSG00000173917,-0.751477,0.1844588,0.04182979,0.1824759,0.991,0.053
17:46332665,rs6504135,T,G,HOXB2,ENSG00000173917,-0.7513918,0.1844345,0.04181149,0.1824524,0.991,0.053
17:46336299,rs7211607,C,T,HOXB2,ENSG00000173917,-0.7510895,0.1843948,0.0419614,0.1824165,0.991,0.053
17:46336764,rs12940931,T,C,HOXB2,ENSG00000173917,-0.7510915,0.1843918,0.04197163,0.1824129,0.991,0.053
17:46337036,rs12941754,T,C,HOXB2,ENSG00000173917,-0.7510574,0.184401,0.04192868,0.1824246,0.991,0.053
17:46337573,rs8065115,C,T,HOXB2,ENSG00000173917,-0.751053,0.1843829,0.04204817,0.1824029,0.991,0.052
17:46340591,rs6504145,C,T,HOXB2,ENSG00000173917,-0.7508867,0.1843677,0.04193205,0.1823959,0.991,0.053
17:46341041,rs17694192,T,G,HOXB2,ENSG00000173917,-0.7508572,0.184368,0.04193377,0.1823967,0.991,0.053
17:46342275,rs17621199,G,A,HOXB2,ENSG00000173917,-0.7508214,0.1843525,0.04197714,0.1823796,0.991,0.053
17:46345985,rs12943082,T,C,HOXB2,ENSG00000173917,-0.7499757,0.1842453,0.04226506,0.182288,0.991,0.053
17:46346056,rs12950325,G,A,HOXB2,ENSG00000173917,-0.7499877,0.184242,0.04228656,0.1822841,0.991,0.053
17:46346487,rs17621297,A,G,HOXB2,ENSG00000173917,-0.7499389,0.1842424,0.04226721,0.1822887,0.991,0.053
17:46347928,rs12938032,C,T,HOXB2,ENSG00000173917,-0.7498871,0.1842209,0.04234735,0.1822713,0.991,0.053
17:46347995,rs62067799,G,A,HOXB2,ENSG00000173917,-0.7499108,0.1842274,0.04228089,0.1822746,0.991,0.053
17:46354673,rs12948128,A,G,HOXB2,ENSG00000173917,-0.7496248,0.1841819,0.04230542,0.182231,0.991,0.053
17:46359278,rs17621707,T,C,HOXB2,ENSG00000173917,-0.74966,0.1841848,0.0423367,0.1822337,0.991,0.053
17:46361755,rs17694895,G,C,HOXB2,ENSG00000173917,-0.7497299,0.1841906,0.04239886,0.1822391,0.991,0.052
17:46363787,rs8076655,T,C,HOXB2,ENSG00000173917,-0.7498568,0.1841993,0.04242321,0.1822435,0.991,0.052
17:46366725,rs8069900,A,G,HOXB2,ENSG00000173917,-0.7499963,0.1842269,0.04245014,0.1822691,0.991,0.052
17:46375211,rs4128439,A,T,HOXB2,ENSG00000173917,-0.7501975,0.1842473,0.0425697,0.1822857,0.991,0.052
17:46380044,rs7215143,T,C,HOXB2,ENSG00000173917,-0.750487,0.1842742,0.04267558,0.1823137,0.991,0.052
17:46396831,rs7206951,A,G,HOXB2,ENSG00000173917,-0.6966766,0.1784454,0.03311757,0.1772053,0.986,0.068
17:46416022,rs17623154,T,A,HOXB2,ENSG00000173917,-0.6965931,0.1784283,0.03324579,0.1771873,0.986,0.068
17:46417315,rs12940162,C,T,HOXB2,ENSG00000173917,-0.6968392,0.1784665,0.03288888,0.1772207,0.986,0.068
17:46418147,rs35509644,T,A,HOXB2,ENSG00000173917,-0.6965455,0.1784365,0.03327111,0.1771947,0.986,0.068
17:46418589,rs7218848,A,G,HOXB2,ENSG00000173917,-0.6966563,0.1784474,0.03327974,0.1772045,0.986,0.068
17:46426334,rs12941877,C,A,HOXB2,ENSG00000173917,-0.6967694,0.1785014,0.03323018,0.1772414,0.986,0.068
17:46427985,rs8078999,G,C,HOXB2,ENSG00000173917,-0.6969634,0.1785316,0.03325821,0.1772686,0.986,0.068
17:46428568,rs7224686,C,T,HOXB2,ENSG00000173917,-0.6969634,0.1785316,0.03325821,0.1772686,0.986,0.068
17:46429622,rs8072521,T,C,HOXB2,ENSG00000173917,-0.6958248,0.1790151,0.03263659,0.1778224,0.985,0.071
17:46431838,rs17696503,A,G,HOXB2,ENSG00000173917,-0.6971062,0.178562,0.03324362,0.1772974,0.986,0.068
17:46432173,rs17623482,T,C,HOXB2,ENSG00000173917,-0.6971049,0.1785649,0.03324562,0.177301,0.986,0.068
17:46432987,rs35759756,G,A,HOXB2,ENSG00000173917,-0.6971253,0.1785706,0.03322252,0.177307,0.986,0.068
17:46433414,rs34466582,C,T,HOXB2,ENSG00000173917,-0.6971148,0.1785733,0.03322312,0.1773075,0.986,0.068
17:46433607,rs35003027,G,A,HOXB2,ENSG00000173917,-0.6971236,0.1785735,0.03319202,0.1773078,0.986,0.068
17:46443258,rs12150117,G,A,HOXB2,ENSG00000173917,-0.6974229,0.1786695,0.03317764,0.1773806,0.986,0.068
17:46444420,rs17696640,A,G,HOXB2,ENSG00000173917,-0.6975508,0.1786775,0.03322918,0.177387,0.986,0.068
17:46458651,rs12939680,T,C,HOXB2,ENSG00000173917,-0.6972122,0.1790482,0.03327856,0.1775963,0.986,0.069
17:46472449,rs56146024,A,G,HOXB2,ENSG00000173917,-0.6965471,0.1793006,0.03344033,0.1777291,0.985,0.07
17:46478195,rs12952824,C,A,HOXB2,ENSG00000173917,-0.6962381,0.1793898,0.03346963,0.1777846,0.985,0.071
17:46481407,rs12948086,C,T,HOXB2,ENSG00000173917,-0.6958743,0.1794215,0.03346302,0.177802,0.985,0.071
17:46487600,rs35533148,G,A,HOXB2,ENSG00000173917,-0.6954286,0.179502,0.03346748,0.1778576,0.985,0.071
17:46488447,rs34791545,T,C,HOXB2,ENSG00000173917,-0.7958438,0.1794945,0.06321783,0.1756394,0.997,0.023
17:46495412,rs1396870,T,G,HOXB2,ENSG00000173917,-0.7733033,0.1854059,0.02867629,0.1824881,0.994,0.05
17:46496941,rs12945780,G,A,HOXB2,ENSG00000173917,-0.7731043,0.1854108,0.028653,0.1824833,0.994,0.05
17:46500100,rs7220387,G,A,HOXB2,ENSG00000173917,-0.7727347,0.1854422,0.0287436,0.1825114,0.993,0.05
17:46501710,rs35713035,C,T,HOXB2,ENSG00000173917,-0.7727974,0.1854634,0.02813146,0.1825294,0.993,0.051
17:46502888,rs7218217,C,T,HOXB2,ENSG00000173917,-0.7722497,0.1854401,0.02872955,0.1825064,0.993,0.05
17:46505696,rs7211712,A,G,HOXB2,ENSG00000173917,-0.7721549,0.1854596,0.02866745,0.1825185,0.993,0.051
17:46506679,rs8073466,C,T,HOXB2,ENSG00000173917,-0.7735099,0.1856751,0.0234415,0.1828607,0.993,0.053
17:46513175,rs55682156,C,T,HOXB2,ENSG00000173917,-0.7703249,0.1854218,0.0289783,0.1824896,0.993,0.051
17:46515483,rs7214269,T,G,HOXB2,ENSG00000173917,-0.769839,0.1854137,0.02888437,0.1824848,0.993,0.051
17:46519105,rs1533057,C,A,HOXB2,ENSG00000173917,-0.7693269,0.1854075,0.02892489,0.182483,0.993,0.052
17:46521200,rs66529852,T,A,HOXB2,ENSG00000173917,-0.7687193,0.1853716,0.02894294,0.1824551,0.993,0.052
17:46539411,rs56385452,G,C,HOXB2,ENSG00000173917,-0.6530949,0.1728278,0.09124411,0.171672,0.978,0.054
17:46693683,rs8066740,C,T,HOXB2,ENSG00000173917,-0.816941,0.1953921,-0.001756921,0.1894491,0.992,0.072
17:46698228,rs62064568,C,T,HOXB2,ENSG00000173917,-0.7008701,0.1691454,0.02880669,0.1718197,0.993,0.054
17:46699851,rs4239158,G,A,HOXB2,ENSG00000173917,-0.8169158,0.1954284,-0.001146962,0.1894867,0.992,0.072
17:46705605,rs9646424,C,A,HOXB2,ENSG00000173917,-0.8167533,0.1954232,-0.001120186,0.1894817,0.992,0.072
17:46707989,rs58702553,A,G,HOXB2,ENSG00000173917,-0.8169077,0.195417,-0.001128428,0.1894649,0.992,0.072
15:30973176,rs8028128,C,T,ARHGAP11B,ENSG00000187951,-1.341229,0.3111238,0.01595456,0.2624994,0.988,0.083
1:43481838,rs476976,A,T,SZT2,ENSG00000198198,0.04040414,0.1586287,0.8033088,0.1871078,0.089,0.983
1:43486624,rs597479,G,T,SZT2,ENSG00000198198,0.04597196,0.1606921,0.8174361,0.1900488,0.094,0.983
1:43518703,rs475609,G,A,SZT2,ENSG00000198198,-0.01767825,0.1820761,0.9102741,0.2131699,0.081,0.973
16:57120922,rs711756,T,C,MT1DP,ENSG00000205361,-0.01029717,0.1339727,0.6602666,0.1453468,0.011,0.999
16:57121383,rs711757,A,G,MT1DP,ENSG00000205361,0.000310337,0.1318882,0.7008122,0.146776,0.007,1
16:57122329,rs822113,T,C,MT1DP,ENSG00000205361,-0.01308234,0.1332808,0.6602254,0.1446997,0.01,0.999
16:57122993,rs172336,T,C,MT1DP,ENSG00000205361,0.02638974,0.1371617,-0.6736862,0.1489489,0.01,0.999
16:57124381,rs171571,A,G,MT1DP,ENSG00000205361,-0.1198128,0.1689843,0.7927503,0.1845654,0.013,0.996
16:57124637,rs711758,T,C,MT1DP,ENSG00000205361,-0.01846484,0.1318939,0.6585081,0.1433556,0.009,0.999
16:57124824,rs181789,A,G,MT1DP,ENSG00000205361,-0.01894652,0.1317557,0.6583362,0.1432232,0.009,0.999
16:57125366,rs289721,A,G,MT1DP,ENSG00000205361,-0.0210364,0.1311684,0.6572998,0.1426425,0.008,0.999
16:57131300,rs1167428,A,G,MT1DP,ENSG00000205361,0.01589815,0.1369675,-0.6782218,0.147888,0.01,0.999
16:57133004,rs13380523,C,A,MT1DP,ENSG00000205361,0.06019181,0.1361739,0.7105282,0.1509506,0.025,1
16:57133069,rs7192935,A,G,MT1DP,ENSG00000205361,0.002459389,0.1366295,-0.6786357,0.1479199,0.012,0.999
16:57136083,rs4784764,T,C,MT1DP,ENSG00000205361,0.01382176,0.1368721,0.6761948,0.147669,0.016,0.999
16:57138074,rs7200295,G,C,MT1DP,ENSG00000205361,0.04632799,0.1422349,-0.6335445,0.1512722,0.017,0.997
16:57138382,rs7205433,G,T,MT1DP,ENSG00000205361,0.01084432,0.1359317,0.7314476,0.1517222,0.008,1
16:57139634,rs17371640,A,G,MT1DP,ENSG00000205361,0.01423564,0.1360585,0.7274819,0.1514186,0.009,1
16:57140142,rs1645957,C,G,MT1DP,ENSG00000205361,0.03727846,0.1390368,0.615805,0.1497211,0.054,0.996
16:57141666,rs4783972,A,C,MT1DP,ENSG00000205361,0.04310161,0.1379727,0.7262242,0.1516022,0.016,1
1:53607004,rs12738223,C,T,RP4-631H13.6,ENSG00000230953,-0.1066912,0.1318889,0.6079819,0.1428205,0.025,0.982
7:76311520,rs3852312,C,T,AC114737.3,ENSG00000236280,0.6854722,0.1481749,0.07809982,0.152339,0.998,0.099
7:76312934,rs62473850,A,G,AC114737.3,ENSG00000236280,0.6647583,0.1458619,0.03639921,0.1487055,0.997,0.065
7:76316484,rs3864581,A,T,AC114737.3,ENSG00000236280,0.6630315,0.1456393,0.03710402,0.1484807,0.997,0.066
7:76325810,rs10257644,G,A,AC114737.3,ENSG00000236280,0.6578153,0.1450155,0.03891605,0.1478792,0.997,0.069
7:76354698,rs10259029,A,C,AC114737.3,ENSG00000236280,0.6183932,0.1526894,0.008913769,0.1527592,0.986,0.095
7:76366235,rs10243905,A,G,AC114737.3,ENSG00000236280,0.6230683,0.1535632,0.008851378,0.1535396,0.986,0.095
7:76379476,rs62475031,G,A,AC114737.3,ENSG00000236280,0.6632772,0.148236,0.05899193,0.1515955,0.997,0.095
7:76380613,rs3960539,T,C,AC114737.3,ENSG00000236280,0.6635022,0.1483202,0.05852676,0.151684,0.997,0.094
7:76382277,rs9648894,A,G,AC114737.3,ENSG00000236280,0.6653838,0.146162,0.0339909,0.1486687,0.997,0.064
7:76382321,rs9649162,G,A,AC114737.3,ENSG00000236280,0.6653767,0.1461829,0.03412557,0.1487011,0.997,0.064
7:75213139,rs237233,T,C,PMS2P5,ENSG00000273897,-1.067132,0.2589826,0.02263317,0.250177,0.988,0.098
7:75214154,rs237232,C,T,PMS2P5,ENSG00000273897,-1.067512,0.2584236,0.02373297,0.249593,0.988,0.095
7:75215670,rs237230,A,G,PMS2P5,ENSG00000273897,-1.065864,0.2586153,0.02323993,0.2498122,0.988,0.097
7:75217327,rs189359,C,T,PMS2P5,ENSG00000273897,-1.066693,0.258645,0.02300047,0.2498504,0.988,0.097
7:75219426,rs34980140,A,G,PMS2P5,ENSG00000273897,-1.068652,0.2590393,0.02235517,0.2502467,0.988,0.097
7:75230549,rs13232371,A,G,PMS2P5,ENSG00000273897,-1.128215,0.2882936,0.2703336,0.2805816,0.959,0.074
7:75230628,rs12531749,C,T,PMS2P5,ENSG00000273897,-1.127653,0.2885177,0.2699286,0.2808482,0.959,0.074
7:75231443,rs6975152,C,T,PMS2P5,ENSG00000273897,-1.126431,0.2889952,0.2693434,0.2813717,0.958,0.076
7:75232725,rs7787630,A,C,PMS2P5,ENSG00000273897,-1.123606,0.2895733,0.2681503,0.2820717,0.956,0.078
,,,,,,,,,,,
"1 chromosome and position in GRC37/hg19.
2 reference allele.
3 alternative allele which is also the effect allele.
4 Meta-Tissue beta (effect size) for the given tissue.
5 METASOFT m-value for the given tissue.",,,,,,,,,,,